Workbook

Sheet DIM _CUSTOMERS
A1: Email | B1: Name - First | C1: Name - Last | D1: BirthDate | E1: Gender | F1: Continent | G1: Country | H1: Status | I1: Age | J1: AgeGroup
A2: ablumsom48@samsung.com | B2: Alister | C2: Blumsom | D2: 33404 | E2: M | F2: =_xlfn.XLOOKUP(DIM_CUSTOMERS[[#This Row],[Country]],DIM_COUNTRIES!A:A,DIM_COUNTRIES!B:B) -> North America | G2: United States | H2: Married | I2: =DATEDIF(DIM_CUSTOMERS[[#This Row],[BirthDate]],TODAY(),"Y") -> 33 | J2: =IF(I2<23, "Child", IF(I2<65, "Adult", "Senior")) -> Adult
A3: abolesma40@chron.com | B3: Aldo | C3: Bolesma | D3: 30254 | E3: M | F3: =_xlfn.XLOOKUP(DIM_CUSTOMERS[[#This Row],[Country]],DIM_COUNTRIES!A:A,DIM_COUNTRIES!B:B) -> North America | G3: United States | H3: Married | I3: =DATEDIF(DIM_CUSTOMERS[[#This Row],[BirthDate]],TODAY(),"Y") -> 42 | J3: =IF(I3<23, "Child", IF(I3<65, "Adult", "Senior")) -> Adult
A4: abonnefin35@bloglines.com | B4: Allis | C4: Bonnefin | D4: 20779 | E4: F | F4: =_xlfn.XLOOKUP(DIM_CUSTOMERS[[#This Row],[Country]],DIM_COUNTRIES!A:A,DIM_COUNTRIES!B:B) -> North America | G4: United States | H4: Married | I4: =DATEDIF(DIM_CUSTOMERS[[#This Row],[BirthDate]],TODAY(),"Y") -> 68 | J4: =IF(I4<23, "Child", IF(I4<65, "Adult", "Senior")) -> Senior
A5: aborwick7t@xrea.com | B5: Anica | C5: Borwick | D5: 16579 | E5: F | F5: =_xlfn.XLOOKUP(DIM_CUSTOMERS[[#This Row],[Country]],DIM_COUNTRIES!A:A,DIM_COUNTRIES!B:B) -> Asia | G5: China | H5: Married | I5: =DATEDIF(DIM_CUSTOMERS[[#This Row],[BirthDate]],TODAY(),"Y") -> 80 | J5: =IF(I5<23, "Child", IF(I5<65, "Adult", "Senior")) -> Senior
A6: abozward4y@google.co.jp | B6: Andros | C6: Bozward | D6: 25020 | E6: M | F6: =_xlfn.XLOOKUP(DIM_CUSTOMERS[[#This Row],[Country]],DIM_COUNTRIES!A:A,DIM_COUNTRIES!B:B) -> Europe | G6: Bulgaria | H6: Married | I6: =DATEDIF(DIM_CUSTOMERS[[#This Row],[BirthDate]],TODAY(),"Y") -> 56 | J6: =IF(I6<23, "Child", IF(I6<65, "Adult", "Senior")) -> Adult
A7: acopoby@dell.com | B7: Aymer | C7: Copo | D7: 23053 | E7: M | F7: =_xlfn.XLOOKUP(DIM_CUSTOMERS[[#This Row],[Country]],DIM_COUNTRIES!A:A,DIM_COUNTRIES!B:B) -> North America | G7: United States | H7: Married | I7: =DATEDIF(DIM_CUSTOMERS[[#This Row],[BirthDate]],TODAY(),"Y") -> 62 | J7: =IF(I7<23, "Child", IF(I7<65, "Adult", "Senior")) -> Adult
A8: acromerdf@homestead.com | B8: Arabelle | C8: Cromer | D8: 21732 | E8: M | F8: =_xlfn.XLOOKUP(DIM_CUSTOMERS[[#This Row],[Country]],DIM_COUNTRIES!A:A,DIM_COUNTRIES!B:B) -> North America | G8: United States | H8: Married | I8: =DATEDIF(DIM_CUSTOMERS[[#This Row],[BirthDate]],TODAY(),"Y") -> 65 | J8: =IF(I8<23, "Child", IF(I8<65, "Adult", "Senior")) -> Senior
A9: adarnell1l@tuttocitta.it | B9: Audry | C9: Darnell | D9: 37680 | E9: F | F9: =_xlfn.XLOOKUP(DIM_CUSTOMERS[[#This Row],[Country]],DIM_COUNTRIES!A:A,DIM_COUNTRIES!B:B) -> North America | G9: United States | H9: Married | I9: =DATEDIF(DIM_CUSTOMERS[[#This Row],[BirthDate]],TODAY(),"Y") -> 22 | J9: =IF(I9<23, "Child", IF(I9<65, "Adult", "Senior")) -> Child
A10: adaynterdn@theguardian.com | B10: Addi | C10: Daynter | D10: 32727 | E10: M | F10: =_xlfn.XLOOKUP(DIM_CUSTOMERS[[#This Row],[Country]],DIM_COUNTRIES!A:A,DIM_COUNTRIES!B:B) -> North America | G10: United States | H10: Married | I10: =DATEDIF(DIM_CUSTOMERS[[#This Row],[BirthDate]],TODAY(),"Y") -> 35 | J10: =IF(I10<23, "Child", IF(I10<65, "Adult", "Senior")) -> Adult
A11: adetoc2l@github.com | B11: Allard | C11: Detoc | D11: 36757 | E11: M | F11: =_xlfn.XLOOKUP(DIM_CUSTOMERS[[#This Row],[Country]],DIM_COUNTRIES!A:A,DIM_COUNTRIES!B:B) -> Australia | G11: Australia | H11: Married | I11: =DATEDIF(DIM_CUSTOMERS[[#This Row],[BirthDate]],TODAY(),"Y") -> 24 | J11: =IF(I11<23, "Child", IF(I11<65, "Adult", "Senior")) -> Adult
A12: adomercc8@nature.com | B12: Abbot | C12: Domerc | D12: 39127 | E12: F | F12: =_xlfn.XLOOKUP(DIM_CUSTOMERS[[#This Row],[Country]],DIM_COUNTRIES!A:A,DIM_COUNTRIES!B:B) -> North America | G12: United States | H12: Married | I12: =DATEDIF(DIM_CUSTOMERS[[#This Row],[BirthDate]],TODAY(),"Y") -> 18 | J12: =IF(I12<23, "Child", IF(I12<65, "Adult", "Senior")) -> Child
A13: adukedq@geocities.jp | B13: Amby | C13: Duke | D13: 27853 | E13: F | F13: =_xlfn.XLOOKUP(DIM_CUSTOMERS[[#This Row],[Country]],DIM_COUNTRIES!A:A,DIM_COUNTRIES!B:B) -> North America | G13: United States | H13: Married | I13: =DATEDIF(DIM_CUSTOMERS[[#This Row],[BirthDate]],TODAY(),"Y") -> 49 | J13: =IF(I13<23, "Child", IF(I13<65, "Adult", "Senior")) -> Adult
... A584: zperren7k@vinaora.com | B584: Zelma | C584: Perren | D584: 18803 | E584: F | F584: =_xlfn.XLOOKUP(DIM_CUSTOMERS[[#This Row],[Country]],DIM_COUNTRIES!A:A,DIM_COUNTRIES!B:B) -> Asia | G584: China | H584: Married | I584: =DATEDIF(DIM_CUSTOMERS[[#This Row],[BirthDate]],TODAY(),"Y") -> 73 | J584: =IF(I584<23, "Child", IF(I584<65, "Adult", "Senior")) -> Senior

Sheet DIM_FLOWERSHOPS
A1: ShopID | B1: Shop Name | C1: Continent | D1: Country | E1: Employees | F1: Founded | G1: Seniority | H1: Store Size Class
A2: A10UP7 | B2: Bloom Oasis | C2: Australia | D2: Australia | E2: 3 | F2: 42371 | G2: =IF(YEAR(TODAY())-YEAR(DIM_FLOWERSHOPS[[#This Row],[Founded]])<=2, "A", IF(YEAR(TODAY())-YEAR(DIM_FLOWERSHOPS[[#This Row],[Founded]])<=8, "B", "C")) -> C | H2: =IF(E2<=5, "Small", IF(E2<=10, "Medium", "Large")) -> Small
A3: A19DS4 | B3: Petal Perfect | C3: Asia | D3: Israel | E3: 20 | F3: 39644 | G3: =IF(YEAR(TODAY())-YEAR(DIM_FLOWERSHOPS[[#This Row],[Founded]])<=2, "A", IF(YEAR(TODAY())-YEAR(DIM_FLOWERSHOPS[[#This Row],[Founded]])<=8, "B", "C")) -> C | H3: =IF(E3<=5, "Small", IF(E3<=10, "Medium", "Large")) -> Large
A4: A20GH8 | B4: Flower Field | C4: South America | D4: Paraguay | E4: 18 | F4: 44238 | G4: =IF(YEAR(TODAY())-YEAR(DIM_FLOWERSHOPS[[#This Row],[Founded]])<=2, "A", IF(YEAR(TODAY())-YEAR(DIM_FLOWERSHOPS[[#This Row],[Founded]])<=8, "B", "C")) -> B | H4: =IF(E4<=5, "Small", IF(E4<=10, "Medium", "Large")) -> Large
A5: A50GB7 | B5: Blossom Magic | C5: Africa | D5: Kenya | E5: 16 | F5: 43203 | G5: =IF(YEAR(TODAY())-YEAR(DIM_FLOWERSHOPS[[#This Row],[Founded]])<=2, "A", IF(YEAR(TODAY())-YEAR(DIM_FLOWERSHOPS[[#This Row],[Founded]])<=8, "B", "C")) -> B | H5: =IF(E5<=5, "Small", IF(E5<=10, "Medium", "Large")) -> Large
A6: A59AS5 | B6: Blossom Garden | C6: Africa | D6: Kenya | E6: 14 | F6: 41189 | G6: =IF(YEAR(TODAY())-YEAR(DIM_FLOWERSHOPS[[#This Row],[Founded]])<=2, "A", IF(YEAR(TODAY())-YEAR(DIM_FLOWERSHOPS[[#This Row],[Founded]])<=8, "B", "C")) -> C | H6: =IF(E6<=5, "Small", IF(E6<=10, "Medium", "Large")) -> Large
A7: A66KU7 | B7: Blossom Bunch | C7: Europe | D7: Italy | E7: 5 | F7: 40119 | G7: =IF(YEAR(TODAY())-YEAR(DIM_FLOWERSHOPS[[#This Row],[Founded]])<=2, "A", IF(YEAR(TODAY())-YEAR(DIM_FLOWERSHOPS[[#This Row],[Founded]])<=8, "B", "C")) -> C | H7: =IF(E7<=5, "Small", IF(E7<=10, "Medium", "Large")) -> Small
A8: A67ZR6 | B8: Bloom Park | C8: Australia | D8: Australia | E8: 22 | F8: 44134 | G8: =IF(YEAR(TODAY())-YEAR(DIM_FLOWERSHOPS[[#This Row],[Founded]])<=2, "A", IF(YEAR(TODAY())-YEAR(DIM_FLOWERSHOPS[[#This Row],[Founded]])<=8, "B", "C")) -> B | H8: =IF(E8<=5, "Small", IF(E8<=10, "Medium", "Large")) -> Large
A9: A71FG2 | B9: Flower Patch | C9: Europe | D9: Italy | E9: 5 | F9: 41870 | G9: =IF(YEAR(TODAY())-YEAR(DIM_FLOWERSHOPS[[#This Row],[Founded]])<=2, "A", IF(YEAR(TODAY())-YEAR(DIM_FLOWERSHOPS[[#This Row],[Founded]])<=8, "B", "C")) -> C | H9: =IF(E9<=5, "Small", IF(E9<=10, "Medium", "Large")) -> Small
A10: A77AD5 | B10: Blooming Aura | C10: Asia | D10: Israel | E10: 22 | F10: 44424 | G10: =IF(YEAR(TODAY())-YEAR(DIM_FLOWERSHOPS[[#This Row],[Founded]])<=2, "A", IF(YEAR(TODAY())-YEAR(DIM_FLOWERSHOPS[[#This Row],[Founded]])<=8, "B", "C")) -> B | H10: =IF(E10<=5, "Small", IF(E10<=10, "Medium", "Large")) -> Large
A11: A92VI1 | B11: Flower Retreat | C11: Africa | D11: Kenya | E11: 3 | F11: 43002 | G11: =IF(YEAR(TODAY())-YEAR(DIM_FLOWERSHOPS[[#This Row],[Founded]])<=2, "A", IF(YEAR(TODAY())-YEAR(DIM_FLOWERSHOPS[[#This Row],[Founded]])<=8, "B", "C")) -> B | H11: =IF(E11<=5, "Small", IF(E11<=10, "Medium", "Large")) -> Small
A12: A94RT5 | B12: Flower Works | C12: Africa | D12: Kenya | E12: 6 | F12: 44236 | G12: =IF(YEAR(TODAY())-YEAR(DIM_FLOWERSHOPS[[#This Row],[Founded]])<=2, "A", IF(YEAR(TODAY())-YEAR(DIM_FLOWERSHOPS[[#This Row],[Founded]])<=8, "B", "C")) -> B | H12: =IF(E12<=5, "Small", IF(E12<=10, "Medium", "Large")) -> Medium
A13: A97YW9 | B13: Bloom Ridge | C13: Australia | D13: Fiji | E13: 20 | F13: 44411 | G13: =IF(YEAR(TODAY())-YEAR(DIM_FLOWERSHOPS[[#This Row],[Founded]])<=2, "A", IF(YEAR(TODAY())-YEAR(DIM_FLOWERSHOPS[[#This Row],[Founded]])<=8, "B", "C")) -> B | H13: =IF(E13<=5, "Small", IF(E13<=10, "Medium", "Large")) -> Large
... A421: Z96ZB3 | B421: The Flower Pavilion | C421: Africa | D421: Ethiopia | E421: 7 | F421: 41597 | G421: =IF(YEAR(TODAY())-YEAR(DIM_FLOWERSHOPS[[#This Row],[Founded]])<=2, "A", IF(YEAR(TODAY())-YEAR(DIM_FLOWERSHOPS[[#This Row],[Founded]])<=8, "B", "C")) -> C | H421: =IF(E421<=5, "Small", IF(E421<=10, "Medium", "Large")) -> Medium

Sheet DIM_PRODUCTS
A1: ProductID | B1: ProductName | C1: Category | D1: SubCategory | E1: ProductPrice | F1: DominantColor | G1: HandlingFee
A2: 0DuN4hnmeg0YtOc | B2: Aurora's Whisper | C2: {=_xlfn.IFS( OR(DIM_PRODUCTS[[#This Row],[SubCategory]]="Thanksgiving",DIM_PRODUCTS[[#This Row],[SubCategory]]="Christmas",DIM_PRODUCTS[[#This Row],[SubCategory]]="Valentines Day"),"Holidays", OR(DIM_PRODUCTS[[#This Row],[SubCategory]]="Birthday",DIM_PRODUCTS[[#This Row],[SubCategory]]="Baby Birth",DIM_PRODUCTS[[#This Row],[SubCategory]]="Marriage",DIM_PRODUCTS[[#This Row],[SubCategory]]="Anniversary",DIM_PRODUCTS[[#This Row],[SubCategory]]="Mothers Day",DIM_PRODUCTS[[#This Row],[SubCategory]]="Womans Day"),"Events", OR(DIM_PRODUCTS[[#This Row],[SubCategory]]="Summer",DIM_PRODUCTS[[#This Row],[SubCategory]]="Winter"),"Seasons", DIM_PRODUCTS[[#This Row],[SubCategory]]="Best Seller","Best Seller", TRUE,"General" )} -> Holidays | D2: Thanksgiving | E2: 274 | F2: Mixed | G2: 13.7
A3: 0hBJxuHYiAWNv7c | B3: Whispering Winds | C3: {=_xlfn.IFS( OR(DIM_PRODUCTS[[#This Row],[SubCategory]]="Thanksgiving",DIM_PRODUCTS[[#This Row],[SubCategory]]="Christmas",DIM_PRODUCTS[[#This Row],[SubCategory]]="Valentines Day"),"Holidays", OR(DIM_PRODUCTS[[#This Row],[SubCategory]]="Birthday",DIM_PRODUCTS[[#This Row],[SubCategory]]="Baby Birth",DIM_PRODUCTS[[#This Row],[SubCategory]]="Marriage",DIM_PRODUCTS[[#This Row],[SubCategory]]="Anniversary",DIM_PRODUCTS[[#This Row],[SubCategory]]="Mothers Day",DIM_PRODUCTS[[#This Row],[SubCategory]]="Womans Day"),"Events", OR(DIM_PRODUCTS[[#This Row],[SubCategory]]="Summer",DIM_PRODUCTS[[#This Row],[SubCategory]]="Winter"),"Seasons", DIM_PRODUCTS[[#This Row],[SubCategory]]="Best Seller","Best Seller", TRUE,"General" )} -> Best Seller | D3: Best Seller | E3: 172 | F3: Orange | G3: 8.6
A4: 0LGNojV8vfzp9j8 | B4: Dusk Melody | C4: {=_xlfn.IFS( OR(DIM_PRODUCTS[[#This Row],[SubCategory]]="Thanksgiving",DIM_PRODUCTS[[#This Row],[SubCategory]]="Christmas",DIM_PRODUCTS[[#This Row],[SubCategory]]="Valentines Day"),"Holidays", OR(DIM_PRODUCTS[[#This Row],[SubCategory]]="Birthday",DIM_PRODUCTS[[#This Row],[SubCategory]]="Baby Birth",DIM_PRODUCTS[[#This Row],[SubCategory]]="Marriage",DIM_PRODUCTS[[#This Row],[SubCategory]]="Anniversary",DIM_PRODUCTS[[#This Row],[SubCategory]]="Mothers Day",DIM_PRODUCTS[[#This Row],[SubCategory]]="Womans Day"),"Events", OR(DIM_PRODUCTS[[#This Row],[SubCategory]]="Summer",DIM_PRODUCTS[[#This Row],[SubCategory]]="Winter"),"Seasons", DIM_PRODUCTS[[#This Row],[SubCategory]]="Best Seller","Best Seller", TRUE,"General" )} -> Events | D4: Birthday | E4: 100.33 | F4: Pink | G4: 5.0165
A5: 0tgQD80v7jyVSTD | B5: Aromatic Cake Symphony | C5: {=_xlfn.IFS( OR(DIM_PRODUCTS[[#This Row],[SubCategory]]="Thanksgiving",DIM_PRODUCTS[[#This Row],[SubCategory]]="Christmas",DIM_PRODUCTS[[#This Row],[SubCategory]]="Valentines Day"),"Holidays", OR(DIM_PRODUCTS[[#This Row],[SubCategory]]="Birthday",DIM_PRODUCTS[[#This Row],[SubCategory]]="Baby Birth",DIM_PRODUCTS[[#This Row],[SubCategory]]="Marriage",DIM_PRODUCTS[[#This Row],[SubCategory]]="Anniversary",DIM_PRODUCTS[[#This Row],[SubCategory]]="Mothers Day",DIM_PRODUCTS[[#This Row],[SubCategory]]="Womans Day"),"Events", OR(DIM_PRODUCTS[[#This Row],[SubCategory]]="Summer",DIM_PRODUCTS[[#This Row],[SubCategory]]="Winter"),"Seasons", DIM_PRODUCTS[[#This Row],[SubCategory]]="Best Seller","Best Seller", TRUE,"General" )} -> Holidays | D5: Thanksgiving | E5: 191.8 | F5: Mixed | G5: 9.59
A6: 0zxjZXhT6mrSVwd | B6: Tender Feelings | C6: {=_xlfn.IFS( OR(DIM_PRODUCTS[[#This Row],[SubCategory]]="Thanksgiving",DIM_PRODUCTS[[#This Row],[SubCategory]]="Christmas",DIM_PRODUCTS[[#This Row],[SubCategory]]="Valentines Day"),"Holidays", OR(DIM_PRODUCTS[[#This Row],[SubCategory]]="Birthday",DIM_PRODUCTS[[#This Row],[SubCategory]]="Baby Birth",DIM_PRODUCTS[[#This Row],[SubCategory]]="Marriage",DIM_PRODUCTS[[#This Row],[SubCategory]]="Anniversary",DIM_PRODUCTS[[#This Row],[SubCategory]]="Mothers Day",DIM_PRODUCTS[[#This Row],[SubCategory]]="Womans Day"),"Events", OR(DIM_PRODUCTS[[#This Row],[SubCategory]]="Summer",DIM_PRODUCTS[[#This Row],[SubCategory]]="Winter"),"Seasons", DIM_PRODUCTS[[#This Row],[SubCategory]]="Best Seller","Best Seller", TRUE,"General" )} -> Events | D6: Anniversary | E6: 267 | F6: White | G6: 13.35
A7: 1356EYlpwpoBKjw | B7: Eternal Love | C7: {=_xlfn.IFS( OR(DIM_PRODUCTS[[#This Row],[SubCategory]]="Thanksgiving",DIM_PRODUCTS[[#This Row],[SubCategory]]="Christmas",DIM_PRODUCTS[[#This Row],[SubCategory]]="Valentines Day"),"Holidays", OR(DIM_PRODUCTS[[#This Row],[SubCategory]]="Birthday",DIM_PRODUCTS[[#This Row],[SubCategory]]="Baby Birth",DIM_PRODUCTS[[#This Row],[SubCategory]]="Marriage",DIM_PRODUCTS[[#This Row],[SubCategory]]="Anniversary",DIM_PRODUCTS[[#This Row],[SubCategory]]="Mothers Day",DIM_PRODUCTS[[#This Row],[SubCategory]]="Womans Day"),"Events", OR(DIM_PRODUCTS[[#This Row],[SubCategory]]="Summer",DIM_PRODUCTS[[#This Row],[SubCategory]]="Winter"),"Seasons", DIM_PRODUCTS[[#This Row],[SubCategory]]="Best Seller","Best Seller", TRUE,"General" )} -> General | D7: Im Sorry | E7: 249 | F7: Mixed | G7: 12.45
A8: 13woLJG0HaIaM2k | B8: White and Red Roses Bouquet Serenade | C8: {=_xlfn.IFS( OR(DIM_PRODUCTS[[#This Row],[SubCategory]]="Thanksgiving",DIM_PRODUCTS[[#This Row],[SubCategory]]="Christmas",DIM_PRODUCTS[[#This Row],[SubCategory]]="Valentines Day"),"Holidays", OR(DIM_PRODUCTS[[#This Row],[SubCategory]]="Birthday",DIM_PRODUCTS[[#This Row],[SubCategory]]="Baby Birth",DIM_PRODUCTS[[#This Row],[SubCategory]]="Marriage",DIM_PRODUCTS[[#This Row],[SubCategory]]="Anniversary",DIM_PRODUCTS[[#This Row],[SubCategory]]="Mothers Day",DIM_PRODUCTS[[#This Row],[SubCategory]]="Womans Day"),"Events", OR(DIM_PRODUCTS[[#This Row],[SubCategory]]="Summer",DIM_PRODUCTS[[#This Row],[SubCategory]]="Winter"),"Seasons", DIM_PRODUCTS[[#This Row],[SubCategory]]="Best Seller","Best Seller", TRUE,"General" )} -> Events | D8: Anniversary | E8: 81 | F8: White | G8: 4.05
A9: 175q1k2iZ2p45oK | B9: Enchanted Sunset | C9: {=_xlfn.IFS( OR(DIM_PRODUCTS[[#This Row],[SubCategory]]="Thanksgiving",DIM_PRODUCTS[[#This Row],[SubCategory]]="Christmas",DIM_PRODUCTS[[#This Row],[SubCategory]]="Valentines Day"),"Holidays", OR(DIM_PRODUCTS[[#This Row],[SubCategory]]="Birthday",DIM_PRODUCTS[[#This Row],[SubCategory]]="Baby Birth",DIM_PRODUCTS[[#This Row],[SubCategory]]="Marriage",DIM_PRODUCTS[[#This Row],[SubCategory]]="Anniversary",DIM_PRODUCTS[[#This Row],[SubCategory]]="Mothers Day",DIM_PRODUCTS[[#This Row],[SubCategory]]="Womans Day"),"Events", OR(DIM_PRODUCTS[[#This Row],[SubCategory]]="Summer",DIM_PRODUCTS[[#This Row],[SubCategory]]="Winter"),"Seasons", DIM_PRODUCTS[[#This Row],[SubCategory]]="Best Seller","Best Seller", TRUE,"General" )} -> General | D9: Thank You | E9: 84 | F9: Lavender | G9: 4.2
A10: 1GMU01K3qgwjt4R | B10: Harmony's Embrace | C10: {=_xlfn.IFS( OR(DIM_PRODUCTS[[#This Row],[SubCategory]]="Thanksgiving",DIM_PRODUCTS[[#This Row],[SubCategory]]="Christmas",DIM_PRODUCTS[[#This Row],[SubCategory]]="Valentines Day"),"Holidays", OR(DIM_PRODUCTS[[#This Row],[SubCategory]]="Birthday",DIM_PRODUCTS[[#This Row],[SubCategory]]="Baby Birth",DIM_PRODUCTS[[#This Row],[SubCategory]]="Marriage",DIM_PRODUCTS[[#This Row],[SubCategory]]="Anniversary",DIM_PRODUCTS[[#This Row],[SubCategory]]="Mothers Day",DIM_PRODUCTS[[#This Row],[SubCategory]]="Womans Day"),"Events", OR(DIM_PRODUCTS[[#This Row],[SubCategory]]="Summer",DIM_PRODUCTS[[#This Row],[SubCategory]]="Winter"),"Seasons", DIM_PRODUCTS[[#This Row],[SubCategory]]="Best Seller","Best Seller", TRUE,"General" )} -> Events | D10: Mothers Day | E10: 238 | F10: Light Pink | G10: 11.9
A11: 1gsbgJDQ40kIfPe | B11: Twilight Whispers | C11: {=_xlfn.IFS( OR(DIM_PRODUCTS[[#This Row],[SubCategory]]="Thanksgiving",DIM_PRODUCTS[[#This Row],[SubCategory]]="Christmas",DIM_PRODUCTS[[#This Row],[SubCategory]]="Valentines Day"),"Holidays", OR(DIM_PRODUCTS[[#This Row],[SubCategory]]="Birthday",DIM_PRODUCTS[[#This Row],[SubCategory]]="Baby Birth",DIM_PRODUCTS[[#This Row],[SubCategory]]="Marriage",DIM_PRODUCTS[[#This Row],[SubCategory]]="Anniversary",DIM_PRODUCTS[[#This Row],[SubCategory]]="Mothers Day",DIM_PRODUCTS[[#This Row],[SubCategory]]="Womans Day"),"Events", OR(DIM_PRODUCTS[[#This Row],[SubCategory]]="Summer",DIM_PRODUCTS[[#This Row],[SubCategory]]="Winter"),"Seasons", DIM_PRODUCTS[[#This Row],[SubCategory]]="Best Seller","Best Seller", TRUE,"General" )} -> Holidays | D11: Valentines Day | E11: 273 | F11: Red | G11: 13.65
A12: 1HkaqausShOW6XN | B12: Flamingo's Serenade | C12: {=_xlfn.IFS( OR(DIM_PRODUCTS[[#This Row],[SubCategory]]="Thanksgiving",DIM_PRODUCTS[[#This Row],[SubCategory]]="Christmas",DIM_PRODUCTS[[#This Row],[SubCategory]]="Valentines Day"),"Holidays", OR(DIM_PRODUCTS[[#This Row],[SubCategory]]="Birthday",DIM_PRODUCTS[[#This Row],[SubCategory]]="Baby Birth",DIM_PRODUCTS[[#This Row],[SubCategory]]="Marriage",DIM_PRODUCTS[[#This Row],[SubCategory]]="Anniversary",DIM_PRODUCTS[[#This Row],[SubCategory]]="Mothers Day",DIM_PRODUCTS[[#This Row],[SubCategory]]="Womans Day"),"Events", OR(DIM_PRODUCTS[[#This Row],[SubCategory]]="Summer",DIM_PRODUCTS[[#This Row],[SubCategory]]="Winter"),"Seasons", DIM_PRODUCTS[[#This Row],[SubCategory]]="Best Seller","Best Seller", TRUE,"General" )} -> Events | D12: Womans Day | E12: 65 | F12: Magenta | G12: 3.25
A13: 1jFpHrM5Bd8LsMT | B13: Tranquil Elegance | C13: {=_xlfn.IFS( OR(DIM_PRODUCTS[[#This Row],[SubCategory]]="Thanksgiving",DIM_PRODUCTS[[#This Row],[SubCategory]]="Christmas",DIM_PRODUCTS[[#This Row],[SubCategory]]="Valentines Day"),"Holidays", OR(DIM_PRODUCTS[[#This Row],[SubCategory]]="Birthday",DIM_PRODUCTS[[#This Row],[SubCategory]]="Baby Birth",DIM_PRODUCTS[[#This Row],[SubCategory]]="Marriage",DIM_PRODUCTS[[#This Row],[SubCategory]]="Anniversary",DIM_PRODUCTS[[#This Row],[SubCategory]]="Mothers Day",DIM_PRODUCTS[[#This Row],[SubCategory]]="Womans Day"),"Events", OR(DIM_PRODUCTS[[#This Row],[SubCategory]]="Summer",DIM_PRODUCTS[[#This Row],[SubCategory]]="Winter"),"Seasons", DIM_PRODUCTS[[#This Row],[SubCategory]]="Best Seller","Best Seller", TRUE,"General" )} -> Best Seller | D13: Best Seller | E13: 89 | F13: Orange | G13: 4.45
... A526: zyuli7BcdrAqU53 | B526: Velvet Sky | C526: {=_xlfn.IFS( OR(DIM_PRODUCTS[[#This Row],[SubCategory]]="Thanksgiving",DIM_PRODUCTS[[#This Row],[SubCategory]]="Christmas",DIM_PRODUCTS[[#This Row],[SubCategory]]="Valentines Day"),"Holidays", OR(DIM_PRODUCTS[[#This Row],[SubCategory]]="Birthday",DIM_PRODUCTS[[#This Row],[SubCategory]]="Baby Birth",DIM_PRODUCTS[[#This Row],[SubCategory]]="Marriage",DIM_PRODUCTS[[#This Row],[SubCategory]]="Anniversary",DIM_PRODUCTS[[#This Row],[SubCategory]]="Mothers Day",DIM_PRODUCTS[[#This Row],[SubCategory]]="Womans Day"),"Events", OR(DIM_PRODUCTS[[#This Row],[SubCategory]]="Summer",DIM_PRODUCTS[[#This Row],[SubCategory]]="Winter"),"Seasons", DIM_PRODUCTS[[#This Row],[SubCategory]]="Best Seller","Best Seller", TRUE,"General" )} -> General | D526: Im Sorry | E526: 250 | F526: Mixed | G526: 12.5

Sheet FACT_ORDERS
A1: DW Order | B1: OrderID | C1: ShopID | D1: ProductID | E1: Quantity | F1: Email | G1: OrderDate | H1: Country | I1: DeliveryDate | J1: Rating | K1: IsOnTime | L1: DeliveryFee | M1: DeliveryCost | N1: TotalPricePerProduct | O1: TotalRevenuePerProduct | P1: OperationsCost
A2: 1 | B2: Kriyp7 | C2: A50GB7 | D2: 1gsbgJDQ40kIfPe | E2: 1 | F2: egatesman8x@washingtonpost.com | G2: 45471 | H2: Kenya | I2: 45474 | J2: =_xlfn.XLOOKUP(B2,ORDERS[OrderID],ORDERS[Rating],"Null") -> 5 | K2: =IF(FACT_ORDERS[[#This Row],[DeliveryDate]]-FACT_ORDERS[[#This Row],[OrderDate]]<=1,1,0) -> 0 | L2: 15 | M2: =(FACT_ORDERS[[#This Row],[Quantity]]/SUMIF(B$1:B$1643,FACT_ORDERS[[#This Row],[OrderID]],E$1:E$1643))*IF(SUMIFS(FACT_ORDERS[Quantity], FACT_ORDERS[OrderID], FACT_ORDERS[[#This Row],[OrderID]]) < 5, 15, IF(SUMIFS(FACT_ORDERS[Quantity], FACT_ORDERS[OrderID], FACT_ORDERS[[#This Row],[OrderID]]) <= 10, 12, 10)) -> 15 | N2: =(_xlfn.XLOOKUP(D2,DIM_PRODUCTS[ProductID],DIM_PRODUCTS[HandlingFee]))*FACT_ORDERS[[#This Row],[Quantity]] + FACT_ORDERS[[#This Row],[DeliveryFee]] -> 28.65 | O2: =FACT_ORDERS[[#This Row],[TotalPricePerProduct]]-FACT_ORDERS[[#This Row],[DeliveryCost]]-FACT_ORDERS[[#This Row],[OperationsCost]] -> 6.65 | P2: 7
A3: 2 | B3: Okb3JP | C3: A59AS5 | D3: KqgWBGYUcKmaR6g | E3: 2 | F3: mreede6v@discuz.net | G3: 45394 | H3: Kenya | I3: 45394 | J3: =_xlfn.XLOOKUP(B3,ORDERS[OrderID],ORDERS[Rating],"Null") -> 3 | K3: =IF(FACT_ORDERS[[#This Row],[DeliveryDate]]-FACT_ORDERS[[#This Row],[OrderDate]]<=1,1,0) -> 1 | L3: 15 | M3: =(FACT_ORDERS[[#This Row],[Quantity]]/SUMIF(B$1:B$1643,FACT_ORDERS[[#This Row],[OrderID]],E$1:E$1643))*IF(SUMIFS(FACT_ORDERS[Quantity], FACT_ORDERS[OrderID], FACT_ORDERS[[#This Row],[OrderID]]) < 5, 15, IF(SUMIFS(FACT_ORDERS[Quantity], FACT_ORDERS[OrderID], FACT_ORDERS[[#This Row],[OrderID]]) <= 10, 12, 10)) -> 15 | N3: =(_xlfn.XLOOKUP(D3,DIM_PRODUCTS[ProductID],DIM_PRODUCTS[HandlingFee]))*FACT_ORDERS[[#This Row],[Quantity]] + FACT_ORDERS[[#This Row],[DeliveryFee]] -> 29.5 | O3: =FACT_ORDERS[[#This Row],[TotalPricePerProduct]]-FACT_ORDERS[[#This Row],[DeliveryCost]]-FACT_ORDERS[[#This Row],[OperationsCost]] -> 5.5 | P3: 9
A4: 3 | B4: zqbUWE | C4: A66KU7 | D4: g5KsLwDER4h3IZt | E4: 2 | F4: tewols5x@tumblr.com | G4: 45198 | H4: Italy | I4: 45198 | J4: =_xlfn.XLOOKUP(B4,ORDERS[OrderID],ORDERS[Rating],"Null") -> 4 | K4: =IF(FACT_ORDERS[[#This Row],[DeliveryDate]]-FACT_ORDERS[[#This Row],[OrderDate]]<=1,1,0) -> 1 | L4: 15 | M4: =(FACT_ORDERS[[#This Row],[Quantity]]/SUMIF(B$1:B$1643,FACT_ORDERS[[#This Row],[OrderID]],E$1:E$1643))*IF(SUMIFS(FACT_ORDERS[Quantity], FACT_ORDERS[OrderID], FACT_ORDERS[[#This Row],[OrderID]]) < 5, 15, IF(SUMIFS(FACT_ORDERS[Quantity], FACT_ORDERS[OrderID], FACT_ORDERS[[#This Row],[OrderID]]) <= 10, 12, 10)) -> 15 | N4: =(_xlfn.XLOOKUP(D4,DIM_PRODUCTS[ProductID],DIM_PRODUCTS[HandlingFee]))*FACT_ORDERS[[#This Row],[Quantity]] + FACT_ORDERS[[#This Row],[DeliveryFee]] -> 32.1 | O4: =FACT_ORDERS[[#This Row],[TotalPricePerProduct]]-FACT_ORDERS[[#This Row],[DeliveryCost]]-FACT_ORDERS[[#This Row],[OperationsCost]] -> 4.1 | P4: 13
A5: 4 | B5: PSakyg | C5: A66KU7 | D5: g5KsLwDER4h3IZt | E5: 2 | F5: rgoodisona3@shutterfly.com | G5: 45474 | H5: Italy | I5: 45474 | J5: =_xlfn.XLOOKUP(B5,ORDERS[OrderID],ORDERS[Rating],"Null") -> 1 | K5: =IF(FACT_ORDERS[[#This Row],[DeliveryDate]]-FACT_ORDERS[[#This Row],[OrderDate]]<=1,1,0) -> 1 | L5: 15 | M5: =(FACT_ORDERS[[#This Row],[Quantity]]/SUMIF(B$1:B$1643,FACT_ORDERS[[#This Row],[OrderID]],E$1:E$1643))*IF(SUMIFS(FACT_ORDERS[Quantity], FACT_ORDERS[OrderID], FACT_ORDERS[[#This Row],[OrderID]]) < 5, 15, IF(SUMIFS(FACT_ORDERS[Quantity], FACT_ORDERS[OrderID], FACT_ORDERS[[#This Row],[OrderID]]) <= 10, 12, 10)) -> 15 | N5: =(_xlfn.XLOOKUP(D5,DIM_PRODUCTS[ProductID],DIM_PRODUCTS[HandlingFee]))*FACT_ORDERS[[#This Row],[Quantity]] + FACT_ORDERS[[#This Row],[DeliveryFee]] -> 32.1 | O5: =FACT_ORDERS[[#This Row],[TotalPricePerProduct]]-FACT_ORDERS[[#This Row],[DeliveryCost]]-FACT_ORDERS[[#This Row],[OperationsCost]] -> -1.9 | P5: 19
A6: 5 | B6: 6ahfL6 | C6: A67ZR6 | D6: 50Gnx1DQIOVsJht | E6: 5 | F6: emcgairl6m@springer.com | G6: 45235 | H6: Australia | I6: 45235 | J6: =_xlfn.XLOOKUP(B6,ORDERS[OrderID],ORDERS[Rating],"Null") -> 5 | K6: =IF(FACT_ORDERS[[#This Row],[DeliveryDate]]-FACT_ORDERS[[#This Row],[OrderDate]]<=1,1,0) -> 1 | L6: 12.5 | M6: =(FACT_ORDERS[[#This Row],[Quantity]]/SUMIF(B$1:B$1643,FACT_ORDERS[[#This Row],[OrderID]],E$1:E$1643))*IF(SUMIFS(FACT_ORDERS[Quantity], FACT_ORDERS[OrderID], FACT_ORDERS[[#This Row],[OrderID]]) < 5, 15, IF(SUMIFS(FACT_ORDERS[Quantity], FACT_ORDERS[OrderID], FACT_ORDERS[[#This Row],[OrderID]]) <= 10, 12, 10)) -> 10 | N6: =(_xlfn.XLOOKUP(D6,DIM_PRODUCTS[ProductID],DIM_PRODUCTS[HandlingFee]))*FACT_ORDERS[[#This Row],[Quantity]] + FACT_ORDERS[[#This Row],[DeliveryFee]] -> 70.75 | O6: =FACT_ORDERS[[#This Row],[TotalPricePerProduct]]-FACT_ORDERS[[#This Row],[DeliveryCost]]-FACT_ORDERS[[#This Row],[OperationsCost]] -> 47.75 | P6: 13
A7: 6 | B7: HoYScX | C7: A67ZR6 | D7: 50Gnx1DQIOVsJht | E7: 7 | F7: oyakovitch6y@fda.gov | G7: 45214 | H7: Australia | I7: 45214 | J7: =_xlfn.XLOOKUP(B7,ORDERS[OrderID],ORDERS[Rating],"Null") -> 2 | K7: =IF(FACT_ORDERS[[#This Row],[DeliveryDate]]-FACT_ORDERS[[#This Row],[OrderDate]]<=1,1,0) -> 1 | L7: 4.0384615 | M7: =(FACT_ORDERS[[#This Row],[Quantity]]/SUMIF(B$1:B$1643,FACT_ORDERS[[#This Row],[OrderID]],E$1:E$1643))*IF(SUMIFS(FACT_ORDERS[Quantity], FACT_ORDERS[OrderID], FACT_ORDERS[[#This Row],[OrderID]]) < 5, 15, IF(SUMIFS(FACT_ORDERS[Quantity], FACT_ORDERS[OrderID], FACT_ORDERS[[#This Row],[OrderID]]) <= 10, 12, 10)) -> 2.6923077 | N7: =(_xlfn.XLOOKUP(D7,DIM_PRODUCTS[ProductID],DIM_PRODUCTS[HandlingFee]))*FACT_ORDERS[[#This Row],[Quantity]] + FACT_ORDERS[[#This Row],[DeliveryFee]] -> 85.588462 | O7: =FACT_ORDERS[[#This Row],[TotalPricePerProduct]]-FACT_ORDERS[[#This Row],[DeliveryCost]]-FACT_ORDERS[[#This Row],[OperationsCost]] -> 69.896154 | P7: 13
A8: 7 | B8: 6ahfL6 | C8: A67ZR6 | D8: XwmJWdf4CDYF62x | E8: 1 | F8: emcgairl6m@springer.com | G8: 45235 | H8: Australia | I8: 45235 | J8: =_xlfn.XLOOKUP(B8,ORDERS[OrderID],ORDERS[Rating],"Null") -> 5 | K8: =IF(FACT_ORDERS[[#This Row],[DeliveryDate]]-FACT_ORDERS[[#This Row],[OrderDate]]<=1,1,0) -> 1 | L8: 2.5 | M8: =(FACT_ORDERS[[#This Row],[Quantity]]/SUMIF(B$1:B$1643,FACT_ORDERS[[#This Row],[OrderID]],E$1:E$1643))*IF(SUMIFS(FACT_ORDERS[Quantity], FACT_ORDERS[OrderID], FACT_ORDERS[[#This Row],[OrderID]]) < 5, 15, IF(SUMIFS(FACT_ORDERS[Quantity], FACT_ORDERS[OrderID], FACT_ORDERS[[#This Row],[OrderID]]) <= 10, 12, 10)) -> 2 | N8: =(_xlfn.XLOOKUP(D8,DIM_PRODUCTS[ProductID],DIM_PRODUCTS[HandlingFee]))*FACT_ORDERS[[#This Row],[Quantity]] + FACT_ORDERS[[#This Row],[DeliveryFee]] -> 14.35 | O8: =FACT_ORDERS[[#This Row],[TotalPricePerProduct]]-FACT_ORDERS[[#This Row],[DeliveryCost]]-FACT_ORDERS[[#This Row],[OperationsCost]] -> 4.35 | P8: 8
A9: 8 | B9: HoYScX | C9: A67ZR6 | D9: XwmJWdf4CDYF62x | E9: 11 | F9: oyakovitch6y@fda.gov | G9: 45214 | H9: Australia | I9: 45214 | J9: =_xlfn.XLOOKUP(B9,ORDERS[OrderID],ORDERS[Rating],"Null") -> 2 | K9: =IF(FACT_ORDERS[[#This Row],[DeliveryDate]]-FACT_ORDERS[[#This Row],[OrderDate]]<=1,1,0) -> 1 | L9: 6.3461538 | M9: =(FACT_ORDERS[[#This Row],[Quantity]]/SUMIF(B$1:B$1643,FACT_ORDERS[[#This Row],[OrderID]],E$1:E$1643))*IF(SUMIFS(FACT_ORDERS[Quantity], FACT_ORDERS[OrderID], FACT_ORDERS[[#This Row],[OrderID]]) < 5, 15, IF(SUMIFS(FACT_ORDERS[Quantity], FACT_ORDERS[OrderID], FACT_ORDERS[[#This Row],[OrderID]]) <= 10, 12, 10)) -> 4.2307692 | N9: =(_xlfn.XLOOKUP(D9,DIM_PRODUCTS[ProductID],DIM_PRODUCTS[HandlingFee]))*FACT_ORDERS[[#This Row],[Quantity]] + FACT_ORDERS[[#This Row],[DeliveryFee]] -> 136.69615 | O9: =FACT_ORDERS[[#This Row],[TotalPricePerProduct]]-FACT_ORDERS[[#This Row],[DeliveryCost]]-FACT_ORDERS[[#This Row],[OperationsCost]] -> 116.46538 | P9: 16
A10: 9 | B10: LWnLu3 | C10: A67ZR6 | D10: 50Gnx1DQIOVsJht | E10: 1 | F10: jcockerham54@photobucket.com | G10: 45212 | H10: Australia | I10: 45212 | J10: =_xlfn.XLOOKUP(B10,ORDERS[OrderID],ORDERS[Rating],"Null") -> 3 | K10: =IF(FACT_ORDERS[[#This Row],[DeliveryDate]]-FACT_ORDERS[[#This Row],[OrderDate]]<=1,1,0) -> 1 | L10: 3.75 | M10: =(FACT_ORDERS[[#This Row],[Quantity]]/SUMIF(B$1:B$1643,FACT_ORDERS[[#This Row],[OrderID]],E$1:E$1643))*IF(SUMIFS(FACT_ORDERS[Quantity], FACT_ORDERS[OrderID], FACT_ORDERS[[#This Row],[OrderID]]) < 5, 15, IF(SUMIFS(FACT_ORDERS[Quantity], FACT_ORDERS[OrderID], FACT_ORDERS[[#This Row],[OrderID]]) <= 10, 12, 10)) -> 3.75 | N10: =(_xlfn.XLOOKUP(D10,DIM_PRODUCTS[ProductID],DIM_PRODUCTS[HandlingFee]))*FACT_ORDERS[[#This Row],[Quantity]] + FACT_ORDERS[[#This Row],[DeliveryFee]] -> 15.4 | O10: =FACT_ORDERS[[#This Row],[TotalPricePerProduct]]-FACT_ORDERS[[#This Row],[DeliveryCost]]-FACT_ORDERS[[#This Row],[OperationsCost]] -> -0.35 | P10: 12
A11: 10 | B11: 45UbCx | C11: A67ZR6 | D11: 50Gnx1DQIOVsJht | E11: 10 | F11: ecompson9@youtube.com | G11: 45148 | H11: Australia | I11: 45148 | J11: =_xlfn.XLOOKUP(B11,ORDERS[OrderID],ORDERS[Rating],"Null") -> 4 | K11: =IF(FACT_ORDERS[[#This Row],[DeliveryDate]]-FACT_ORDERS[[#This Row],[OrderDate]]<=1,1,0) -> 1 | L11: 15 | M11: =(FACT_ORDERS[[#This Row],[Quantity]]/SUMIF(B$1:B$1643,FACT_ORDERS[[#This Row],[OrderID]],E$1:E$1643))*IF(SUMIFS(FACT_ORDERS[Quantity], FACT_ORDERS[OrderID], FACT_ORDERS[[#This Row],[OrderID]]) < 5, 15, IF(SUMIFS(FACT_ORDERS[Quantity], FACT_ORDERS[OrderID], FACT_ORDERS[[#This Row],[OrderID]]) <= 10, 12, 10)) -> 12 | N11: =(_xlfn.XLOOKUP(D11,DIM_PRODUCTS[ProductID],DIM_PRODUCTS[HandlingFee]))*FACT_ORDERS[[#This Row],[Quantity]] + FACT_ORDERS[[#This Row],[DeliveryFee]] -> 131.5 | O11: =FACT_ORDERS[[#This Row],[TotalPricePerProduct]]-FACT_ORDERS[[#This Row],[DeliveryCost]]-FACT_ORDERS[[#This Row],[OperationsCost]] -> 100.5 | P11: 19
A12: 11 | B12: ugk7Vx | C12: A77AD5 | D12: b7CQBhUIcw9Myn4 | E12: 5 | F12: mvasyunin7h@hexun.com | G12: 45267 | H12: Israel | I12: 45268 | J12: =_xlfn.XLOOKUP(B12,ORDERS[OrderID],ORDERS[Rating],"Null") -> 4 | K12: =IF(FACT_ORDERS[[#This Row],[DeliveryDate]]-FACT_ORDERS[[#This Row],[OrderDate]]<=1,1,0) -> 1 | L12: 4.1666667 | M12: =(FACT_ORDERS[[#This Row],[Quantity]]/SUMIF(B$1:B$1643,FACT_ORDERS[[#This Row],[OrderID]],E$1:E$1643))*IF(SUMIFS(FACT_ORDERS[Quantity], FACT_ORDERS[OrderID], FACT_ORDERS[[#This Row],[OrderID]]) < 5, 15, IF(SUMIFS(FACT_ORDERS[Quantity], FACT_ORDERS[OrderID], FACT_ORDERS[[#This Row],[OrderID]]) <= 10, 12, 10)) -> 2.7777778 | N12: =(_xlfn.XLOOKUP(D12,DIM_PRODUCTS[ProductID],DIM_PRODUCTS[HandlingFee]))*FACT_ORDERS[[#This Row],[Quantity]] + FACT_ORDERS[[#This Row],[DeliveryFee]] -> 70.916667 | O12: =FACT_ORDERS[[#This Row],[TotalPricePerProduct]]-FACT_ORDERS[[#This Row],[DeliveryCost]]-FACT_ORDERS[[#This Row],[OperationsCost]] -> 49.138889 | P12: 19
A13: 12 | B13: ugk7Vx | C13: A77AD5 | D13: HW0gDAf8Jxb6HEB | E13: 2 | F13: mvasyunin7h@hexun.com | G13: 45267 | H13: Israel | I13: 45268 | J13: =_xlfn.XLOOKUP(B13,ORDERS[OrderID],ORDERS[Rating],"Null") -> 4 | K13: =IF(FACT_ORDERS[[#This Row],[DeliveryDate]]-FACT_ORDERS[[#This Row],[OrderDate]]<=1,1,0) -> 1 | L13: 1.6666667 | M13: =(FACT_ORDERS[[#This Row],[Quantity]]/SUMIF(B$1:B$1643,FACT_ORDERS[[#This Row],[OrderID]],E$1:E$1643))*IF(SUMIFS(FACT_ORDERS[Quantity], FACT_ORDERS[OrderID], FACT_ORDERS[[#This Row],[OrderID]]) < 5, 15, IF(SUMIFS(FACT_ORDERS[Quantity], FACT_ORDERS[OrderID], FACT_ORDERS[[#This Row],[OrderID]]) <= 10, 12, 10)) -> 1.1111111 | N13: =(_xlfn.XLOOKUP(D13,DIM_PRODUCTS[ProductID],DIM_PRODUCTS[HandlingFee]))*FACT_ORDERS[[#This Row],[Quantity]] + FACT_ORDERS[[#This Row],[DeliveryFee]] -> 24.166667 | O13: =FACT_ORDERS[[#This Row],[TotalPricePerProduct]]-FACT_ORDERS[[#This Row],[DeliveryCost]]-FACT_ORDERS[[#This Row],[OperationsCost]] -> 4.0555556 | P13: 19
... A15: 14 | B15: OdSnkb | C15: A92VI1 | D15: 7a2YxxKsvgmV7Ee | E15: 9 | F15: scalderon94@google.com.hk | G15: 45419 | H15: Kenya | I15: 45422 | J15: =_xlfn.XLOOKUP(B15,ORDERS[OrderID],ORDERS[Rating],"Null") -> 4 | K15: =IF(FACT_ORDERS[[#This Row],[DeliveryDate]]-FACT_ORDERS[[#This Row],[OrderDate]]<=1,1,0) -> 0 | L15: 7.9411765 | M15: =(FACT_ORDERS[[#This Row],[Quantity]]/SUMIF(B$1:B$1643,FACT_ORDERS[[#This Row],[OrderID]],E$1:E$1643))*IF(SUMIFS(FACT_ORDERS[Quantity], FACT_ORDERS[OrderID], FACT_ORDERS[[#This Row],[OrderID]]) < 5, 15, IF(SUMIFS(FACT_ORDERS[Quantity], FACT_ORDERS[OrderID], FACT_ORDERS[[#This Row],[OrderID]]) <= 10, 12, 10)) -> 5.2941176 | N15: =(_xlfn.XLOOKUP(D15,DIM_PRODUCTS[ProductID],DIM_PRODUCTS[HandlingFee]))*FACT_ORDERS[[#This Row],[Quantity]] + FACT_ORDERS[[#This Row],[DeliveryFee]] -> 52.491176 | O15: =FACT_ORDERS[[#This Row],[TotalPricePerProduct]]-FACT_ORDERS[[#This Row],[DeliveryCost]]-FACT_ORDERS[[#This Row],[OperationsCost]] -> 40.197059 | P15: 7
A16: 15 | B16: 33280 | C16: A94RT5 | D16: e43l7i5ZF9FHVXv | E16: 6 | F16: renevoldsen5y@nydailynews.com | G16: 45206 | H16: Kenya | I16: 45208 | J16: =_xlfn.XLOOKUP(B16,ORDERS[OrderID],ORDERS[Rating],"Null") -> 4 | K16: =IF(FACT_ORDERS[[#This Row],[DeliveryDate]]-FACT_ORDERS[[#This Row],[OrderDate]]<=1,1,0) -> 0 | L16: 15 | M16: =(FACT_ORDERS[[#This Row],[Quantity]]/SUMIF(B$1:B$1643,FACT_ORDERS[[#This Row],[OrderID]],E$1:E$1643))*IF(SUMIFS(FACT_ORDERS[Quantity], FACT_ORDERS[OrderID], FACT_ORDERS[[#This Row],[OrderID]]) < 5, 15, IF(SUMIFS(FACT_ORDERS[Quantity], FACT_ORDERS[OrderID], FACT_ORDERS[[#This Row],[OrderID]]) <= 10, 12, 10)) -> 12 | N16: =(_xlfn.XLOOKUP(D16,DIM_PRODUCTS[ProductID],DIM_PRODUCTS[HandlingFee]))*FACT_ORDERS[[#This Row],[Quantity]] + FACT_ORDERS[[#This Row],[DeliveryFee]] -> 43.644 | O16: =FACT_ORDERS[[#This Row],[TotalPricePerProduct]]-FACT_ORDERS[[#This Row],[DeliveryCost]]-FACT_ORDERS[[#This Row],[OperationsCost]] -> 15.644 | P16: 16
A17: 16 | B17: 4IZK9BD8QNJ | C17: B21VD0 | D17: x58z3a1dMUKllwp | E17: 7 | F17: mjeandel2p@arizona.edu | G17: 45139 | H17: Fiji | I17: 45139 | J17: =_xlfn.XLOOKUP(B17,ORDERS[OrderID],ORDERS[Rating],"Null") -> 5 | K17: =IF(FACT_ORDERS[[#This Row],[DeliveryDate]]-FACT_ORDERS[[#This Row],[OrderDate]]<=1,1,0) -> 1 | L17: 15 | M17: =(FACT_ORDERS[[#This Row],[Quantity]]/SUMIF(B$1:B$1643,FACT_ORDERS[[#This Row],[OrderID]],E$1:E$1643))*IF(SUMIFS(FACT_ORDERS[Quantity], FACT_ORDERS[OrderID], FACT_ORDERS[[#This Row],[OrderID]]) < 5, 15, IF(SUMIFS(FACT_ORDERS[Quantity], FACT_ORDERS[OrderID], FACT_ORDERS[[#This Row],[OrderID]]) <= 10, 12, 10)) -> 12 | N17: =(_xlfn.XLOOKUP(D17,DIM_PRODUCTS[ProductID],DIM_PRODUCTS[HandlingFee]))*FACT_ORDERS[[#This Row],[Quantity]] + FACT_ORDERS[[#This Row],[DeliveryFee]] -> 117.55 | O17: =FACT_ORDERS[[#This Row],[TotalPricePerProduct]]-FACT_ORDERS[[#This Row],[DeliveryCost]]-FACT_ORDERS[[#This Row],[OperationsCost]] -> 94.55 | P17: 11
A18: 17 | B18: zJr5Bv | C18: B47KD7 | D18: vgaH0vu1xrL7S2D | E18: 8 | F18: cpezey8q@msn.com | G18: 45245 | H18: Guatemala | I18: 45245 | J18: =_xlfn.XLOOKUP(B18,ORDERS[OrderID],ORDERS[Rating],"Null") -> 4 | K18: =IF(FACT_ORDERS[[#This Row],[DeliveryDate]]-FACT_ORDERS[[#This Row],[OrderDate]]<=1,1,0) -> 1 | L18: 15 | M18: =(FACT_ORDERS[[#This Row],[Quantity]]/SUMIF(B$1:B$1643,FACT_ORDERS[[#This Row],[OrderID]],E$1:E$1643))*IF(SUMIFS(FACT_ORDERS[Quantity], FACT_ORDERS[OrderID], FACT_ORDERS[[#This Row],[OrderID]]) < 5, 15, IF(SUMIFS(FACT_ORDERS[Quantity], FACT_ORDERS[OrderID], FACT_ORDERS[[#This Row],[OrderID]]) <= 10, 12, 10)) -> 12 | N18: =(_xlfn.XLOOKUP(D18,DIM_PRODUCTS[ProductID],DIM_PRODUCTS[HandlingFee]))*FACT_ORDERS[[#This Row],[Quantity]] + FACT_ORDERS[[#This Row],[DeliveryFee]] -> 89.4 | O18: =FACT_ORDERS[[#This Row],[TotalPricePerProduct]]-FACT_ORDERS[[#This Row],[DeliveryCost]]-FACT_ORDERS[[#This Row],[OperationsCost]] -> 59.4 | P18: 18
A19: 18 | B19: 7zperhgnf8 | C19: B53PX3 | D19: dBckyNCFQYIiBH1 | E19: 1 | F19: ajeffry8p@dyndns.org | G19: 45357 | H19: Italy | I19: 45357 | J19: =_xlfn.XLOOKUP(B19,ORDERS[OrderID],ORDERS[Rating],"Null") -> 5 | K19: =IF(FACT_ORDERS[[#This Row],[DeliveryDate]]-FACT_ORDERS[[#This Row],[OrderDate]]<=1,1,0) -> 1 | L19: 15 | M19: =(FACT_ORDERS[[#This Row],[Quantity]]/SUMIF(B$1:B$1643,FACT_ORDERS[[#This Row],[OrderID]],E$1:E$1643))*IF(SUMIFS(FACT_ORDERS[Quantity], FACT_ORDERS[OrderID], FACT_ORDERS[[#This Row],[OrderID]]) < 5, 15, IF(SUMIFS(FACT_ORDERS[Quantity], FACT_ORDERS[OrderID], FACT_ORDERS[[#This Row],[OrderID]]) <= 10, 12, 10)) -> 15 | N19: =(_xlfn.XLOOKUP(D19,DIM_PRODUCTS[ProductID],DIM_PRODUCTS[HandlingFee]))*FACT_ORDERS[[#This Row],[Quantity]] + FACT_ORDERS[[#This Row],[DeliveryFee]] -> 24.05 | O19: =FACT_ORDERS[[#This Row],[TotalPricePerProduct]]-FACT_ORDERS[[#This Row],[DeliveryCost]]-FACT_ORDERS[[#This Row],[OperationsCost]] -> -8.95 | P19: 18
A20: 19 | B20: 5jwn2vfnxm | C20: B53PX3 | D20: dBckyNCFQYIiBH1 | E20: 12 | F20: lpadulabh@bloomberg.com | G20: 45127 | H20: Italy | I20: 45127 | J20: =_xlfn.XLOOKUP(B20,ORDERS[OrderID],ORDERS[Rating],"Null") -> 5 | K20: =IF(FACT_ORDERS[[#This Row],[DeliveryDate]]-FACT_ORDERS[[#This Row],[OrderDate]]<=1,1,0) -> 1 | L20: 15 | M20: =(FACT_ORDERS[[#This Row],[Quantity]]/SUMIF(B$1:B$1643,FACT_ORDERS[[#This Row],[OrderID]],E$1:E$1643))*IF(SUMIFS(FACT_ORDERS[Quantity], FACT_ORDERS[OrderID], FACT_ORDERS[[#This Row],[OrderID]]) < 5, 15, IF(SUMIFS(FACT_ORDERS[Quantity], FACT_ORDERS[OrderID], FACT_ORDERS[[#This Row],[OrderID]]) <= 10, 12, 10)) -> 10 | N20: =(_xlfn.XLOOKUP(D20,DIM_PRODUCTS[ProductID],DIM_PRODUCTS[HandlingFee]))*FACT_ORDERS[[#This Row],[Quantity]] + FACT_ORDERS[[#This Row],[DeliveryFee]] -> 123.6 | O20: =FACT_ORDERS[[#This Row],[TotalPricePerProduct]]-FACT_ORDERS[[#This Row],[DeliveryCost]]-FACT_ORDERS[[#This Row],[OperationsCost]] -> 95.6 | P20: 18
A21: 20 | B21: sa2g5ax52d | C21: B62QI8 | D21: ZWOVrDgk7B2JaDC | E21: 1 | F21: awoodington97@blog.com | G21: 45246 | H21: Italy | I21: 45246 | J21: =_xlfn.XLOOKUP(B21,ORDERS[OrderID],ORDERS[Rating],"Null") -> 1 | K21: =IF(FACT_ORDERS[[#This Row],[DeliveryDate]]-FACT_ORDERS[[#This Row],[OrderDate]]<=1,1,0) -> 1 | L21: 15 | M21: =(FACT_ORDERS[[#This Row],[Quantity]]/SUMIF(B$1:B$1643,FACT_ORDERS[[#This Row],[OrderID]],E$1:E$1643))*IF(SUMIFS(FACT_ORDERS[Quantity], FACT_ORDERS[OrderID], FACT_ORDERS[[#This Row],[OrderID]]) < 5, 15, IF(SUMIFS(FACT_ORDERS[Quantity], FACT_ORDERS[OrderID], FACT_ORDERS[[#This Row],[OrderID]]) <= 10, 12, 10)) -> 15 | N21: =(_xlfn.XLOOKUP(D21,DIM_PRODUCTS[ProductID],DIM_PRODUCTS[HandlingFee]))*FACT_ORDERS[[#This Row],[Quantity]] + FACT_ORDERS[[#This Row],[DeliveryFee]] -> 29.7185 | O21: =FACT_ORDERS[[#This Row],[TotalPricePerProduct]]-FACT_ORDERS[[#This Row],[DeliveryCost]]-FACT_ORDERS[[#This Row],[OperationsCost]] -> -4.2815 | P21: 19
A22: 21 | B22: 6OK205 | C22: B68WJ5 | D22: tV5yMnLtEUjlVZt | E22: 5 | F22: dgwillim3m@pcworld.com | G22: 45269 | H22: Israel | I22: 45269 | J22: =_xlfn.XLOOKUP(B22,ORDERS[OrderID],ORDERS[Rating],"Null") -> 4 | K22: =IF(FACT_ORDERS[[#This Row],[DeliveryDate]]-FACT_ORDERS[[#This Row],[OrderDate]]<=1,1,0) -> 1 | L22: 15 | M22: =(FACT_ORDERS[[#This Row],[Quantity]]/SUMIF(B$1:B$1643,FACT_ORDERS[[#This Row],[OrderID]],E$1:E$1643))*IF(SUMIFS(FACT_ORDERS[Quantity], FACT_ORDERS[OrderID], FACT_ORDERS[[#This Row],[OrderID]]) < 5, 15, IF(SUMIFS(FACT_ORDERS[Quantity], FACT_ORDERS[OrderID], FACT_ORDERS[[#This Row],[OrderID]]) <= 10, 12, 10)) -> 12 | N22: =(_xlfn.XLOOKUP(D22,DIM_PRODUCTS[ProductID],DIM_PRODUCTS[HandlingFee]))*FACT_ORDERS[[#This Row],[Quantity]] + FACT_ORDERS[[#This Row],[DeliveryFee]] -> 87.75 | O22: =FACT_ORDERS[[#This Row],[TotalPricePerProduct]]-FACT_ORDERS[[#This Row],[DeliveryCost]]-FACT_ORDERS[[#This Row],[OperationsCost]] -> 64.75 | P22: 11
A23: 22 | B23: 7lv8jeifvo | C23: B93DN0 | D23: 3xNplN8Q25YQYO8 | E23: 4 | F23: opues3p@ifeng.com | G23: 45382 | H23: Japan | I23: 45382 | J23: =_xlfn.XLOOKUP(B23,ORDERS[OrderID],ORDERS[Rating],"Null") -> 4 | K23: =IF(FACT_ORDERS[[#This Row],[DeliveryDate]]-FACT_ORDERS[[#This Row],[OrderDate]]<=1,1,0) -> 1 | L23: 15 | M23: =(FACT_ORDERS[[#This Row],[Quantity]]/SUMIF(B$1:B$1643,FACT_ORDERS[[#This Row],[OrderID]],E$1:E$1643))*IF(SUMIFS(FACT_ORDERS[Quantity], FACT_ORDERS[OrderID], FACT_ORDERS[[#This Row],[OrderID]]) < 5, 15, IF(SUMIFS(FACT_ORDERS[Quantity], FACT_ORDERS[OrderID], FACT_ORDERS[[#This Row],[OrderID]]) <= 10, 12, 10)) -> 15 | N23: =(_xlfn.XLOOKUP(D23,DIM_PRODUCTS[ProductID],DIM_PRODUCTS[HandlingFee]))*FACT_ORDERS[[#This Row],[Quantity]] + FACT_ORDERS[[#This Row],[DeliveryFee]] -> 37.8 | O23: =FACT_ORDERS[[#This Row],[TotalPricePerProduct]]-FACT_ORDERS[[#This Row],[DeliveryCost]]-FACT_ORDERS[[#This Row],[OperationsCost]] -> 3.8 | P23: 19
A24: 23 | B24: evzpzrwta2 | C24: B93DN0 | D24: 3xNplN8Q25YQYO8 | E24: 4 | F24: rpuleque38@gov.uk | G24: 45257 | H24: Japan | I24: 45258 | J24: =_xlfn.XLOOKUP(B24,ORDERS[OrderID],ORDERS[Rating],"Null") -> 3 | K24: =IF(FACT_ORDERS[[#This Row],[DeliveryDate]]-FACT_ORDERS[[#This Row],[OrderDate]]<=1,1,0) -> 1 | L24: 15 | M24: =(FACT_ORDERS[[#This Row],[Quantity]]/SUMIF(B$1:B$1643,FACT_ORDERS[[#This Row],[OrderID]],E$1:E$1643))*IF(SUMIFS(FACT_ORDERS[Quantity], FACT_ORDERS[OrderID], FACT_ORDERS[[#This Row],[OrderID]]) < 5, 15, IF(SUMIFS(FACT_ORDERS[Quantity], FACT_ORDERS[OrderID], FACT_ORDERS[[#This Row],[OrderID]]) <= 10, 12, 10)) -> 15 | N24: =(_xlfn.XLOOKUP(D24,DIM_PRODUCTS[ProductID],DIM_PRODUCTS[HandlingFee]))*FACT_ORDERS[[#This Row],[Quantity]] + FACT_ORDERS[[#This Row],[DeliveryFee]] -> 37.8 | O24: =FACT_ORDERS[[#This Row],[TotalPricePerProduct]]-FACT_ORDERS[[#This Row],[DeliveryCost]]-FACT_ORDERS[[#This Row],[OperationsCost]] -> 14.8 | P24: 8
A25: 24 | B25: yodkaaiq07 | C25: B93DN0 | D25: 3xNplN8Q25YQYO8 | E25: 6 | F25: rsandels2m@gizmodo.com | G25: 45348 | H25: Japan | I25: 45348 | J25: =_xlfn.XLOOKUP(B25,ORDERS[OrderID],ORDERS[Rating],"Null") -> 1 | K25: =IF(FACT_ORDERS[[#This Row],[DeliveryDate]]-FACT_ORDERS[[#This Row],[OrderDate]]<=1,1,0) -> 1 | L25: 15 | M25: =(FACT_ORDERS[[#This Row],[Quantity]]/SUMIF(B$1:B$1643,FACT_ORDERS[[#This Row],[OrderID]],E$1:E$1643))*IF(SUMIFS(FACT_ORDERS[Quantity], FACT_ORDERS[OrderID], FACT_ORDERS[[#This Row],[OrderID]]) < 5, 15, IF(SUMIFS(FACT_ORDERS[Quantity], FACT_ORDERS[OrderID], FACT_ORDERS[[#This Row],[OrderID]]) <= 10, 12, 10)) -> 12 | N25: =(_xlfn.XLOOKUP(D25,DIM_PRODUCTS[ProductID],DIM_PRODUCTS[HandlingFee]))*FACT_ORDERS[[#This Row],[Quantity]] + FACT_ORDERS[[#This Row],[DeliveryFee]] -> 49.2 | O25: =FACT_ORDERS[[#This Row],[TotalPricePerProduct]]-FACT_ORDERS[[#This Row],[DeliveryCost]]-FACT_ORDERS[[#This Row],[OperationsCost]] -> 23.2 | P25: 14
A26: 25 | B26: cs0hza0vc5 | C26: B93DN0 | D26: 3xNplN8Q25YQYO8 | E26: 10 | F26: epitcock3s@livejournal.com | G26: 45221 | H26: Japan | I26: 45221 | J26: =_xlfn.XLOOKUP(B26,ORDERS[OrderID],ORDERS[Rating],"Null") -> 4 | K26: =IF(FACT_ORDERS[[#This Row],[DeliveryDate]]-FACT_ORDERS[[#This Row],[OrderDate]]<=1,1,0) -> 1 | L26: 15 | M26: =(FACT_ORDERS[[#This Row],[Quantity]]/SUMIF(B$1:B$1643,FACT_ORDERS[[#This Row],[OrderID]],E$1:E$1643))*IF(SUMIFS(FACT_ORDERS[Quantity], FACT_ORDERS[OrderID], FACT_ORDERS[[#This Row],[OrderID]]) < 5, 15, IF(SUMIFS(FACT_ORDERS[Quantity], FACT_ORDERS[OrderID], FACT_ORDERS[[#This Row],[OrderID]]) <= 10, 12, 10)) -> 12 | N26: =(_xlfn.XLOOKUP(D26,DIM_PRODUCTS[ProductID],DIM_PRODUCTS[HandlingFee]))*FACT_ORDERS[[#This Row],[Quantity]] + FACT_ORDERS[[#This Row],[DeliveryFee]] -> 72 | O26: =FACT_ORDERS[[#This Row],[TotalPricePerProduct]]-FACT_ORDERS[[#This Row],[DeliveryCost]]-FACT_ORDERS[[#This Row],[OperationsCost]] -> 44 | P26: 16
A27: 26 | B27: 96943eqnsk | C27: C53IQ0 | D27: TxB1MW6g92BOsv5 | E27: 5 | F27: kbertramd@joomla.org | G27: 45288 | H27: Egypt | I27: 45291 | J27: =_xlfn.XLOOKUP(B27,ORDERS[OrderID],ORDERS[Rating],"Null") -> 5 | K27: =IF(FACT_ORDERS[[#This Row],[DeliveryDate]]-FACT_ORDERS[[#This Row],[OrderDate]]<=1,1,0) -> 0 | L27: 15 | M27: =(FACT_ORDERS[[#This Row],[Quantity]]/SUMIF(B$1:B$1643,FACT_ORDERS[[#This Row],[OrderID]],E$1:E$1643))*IF(SUMIFS(FACT_ORDERS[Quantity], FACT_ORDERS[OrderID], FACT_ORDERS[[#This Row],[OrderID]]) < 5, 15, IF(SUMIFS(FACT_ORDERS[Quantity], FACT_ORDERS[OrderID], FACT_ORDERS[[#This Row],[OrderID]]) <= 10, 12, 10)) -> 12 | N27: =(_xlfn.XLOOKUP(D27,DIM_PRODUCTS[ProductID],DIM_PRODUCTS[HandlingFee]))*FACT_ORDERS[[#This Row],[Quantity]] + FACT_ORDERS[[#This Row],[DeliveryFee]] -> 45.1025 | O27: =FACT_ORDERS[[#This Row],[TotalPricePerProduct]]-FACT_ORDERS[[#This Row],[DeliveryCost]]-FACT_ORDERS[[#This Row],[OperationsCost]] -> 14.1025 | P27: 19
A28: 27 | B28: d9t5asbphe | C28: C57DA7 | D28: 8DEuIulZ5q65lfG | E28: 6 | F28: dbenitti2f@wikipedia.org | G28: 45405 | H28: Italy | I28: 45405 | J28: =_xlfn.XLOOKUP(B28,ORDERS[OrderID],ORDERS[Rating],"Null") -> 4 | K28: =IF(FACT_ORDERS[[#This Row],[DeliveryDate]]-FACT_ORDERS[[#This Row],[OrderDate]]<=1,1,0) -> 1 | L28: 15 | M28: =(FACT_ORDERS[[#This Row],[Quantity]]/SUMIF(B$1:B$1643,FACT_ORDERS[[#This Row],[OrderID]],E$1:E$1643))*IF(SUMIFS(FACT_ORDERS[Quantity], FACT_ORDERS[OrderID], FACT_ORDERS[[#This Row],[OrderID]]) < 5, 15, IF(SUMIFS(FACT_ORDERS[Quantity], FACT_ORDERS[OrderID], FACT_ORDERS[[#This Row],[OrderID]]) <= 10, 12, 10)) -> 12 | N28: =(_xlfn.XLOOKUP(D28,DIM_PRODUCTS[ProductID],DIM_PRODUCTS[HandlingFee]))*FACT_ORDERS[[#This Row],[Quantity]] + FACT_ORDERS[[#This Row],[DeliveryFee]] -> 28.8 | O28: =FACT_ORDERS[[#This Row],[TotalPricePerProduct]]-FACT_ORDERS[[#This Row],[DeliveryCost]]-FACT_ORDERS[[#This Row],[OperationsCost]] -> -0.2 | P28: 17
... A30: 29 | B30: V4tNre | C30: C68SH6 | D30: XFOzjjAVD7eNwZG | E30: 11 | F30: orugglesa9@freewebs.com | G30: 45393 | H30: Belize | I30: 45396 | J30: =_xlfn.XLOOKUP(B30,ORDERS[OrderID],ORDERS[Rating],"Null") -> 4 | K30: =IF(FACT_ORDERS[[#This Row],[DeliveryDate]]-FACT_ORDERS[[#This Row],[OrderDate]]<=1,1,0) -> 0 | L30: 15 | M30: =(FACT_ORDERS[[#This Row],[Quantity]]/SUMIF(B$1:B$1643,FACT_ORDERS[[#This Row],[OrderID]],E$1:E$1643))*IF(SUMIFS(FACT_ORDERS[Quantity], FACT_ORDERS[OrderID], FACT_ORDERS[[#This Row],[OrderID]]) < 5, 15, IF(SUMIFS(FACT_ORDERS[Quantity], FACT_ORDERS[OrderID], FACT_ORDERS[[#This Row],[OrderID]]) <= 10, 12, 10)) -> 10 | N30: =(_xlfn.XLOOKUP(D30,DIM_PRODUCTS[ProductID],DIM_PRODUCTS[HandlingFee]))*FACT_ORDERS[[#This Row],[Quantity]] + FACT_ORDERS[[#This Row],[DeliveryFee]] -> 93.65 | O30: =FACT_ORDERS[[#This Row],[TotalPricePerProduct]]-FACT_ORDERS[[#This Row],[DeliveryCost]]-FACT_ORDERS[[#This Row],[OperationsCost]] -> 65.65 | P30: 18
A31: 30 | B31: 91665 | C31: C69AP2 | D31: SUtRjm5YT410p8T | E31: 2 | F31: fsallisl@mac.com | G31: 45288 | H31: Italy | I31: 45288 | J31: =_xlfn.XLOOKUP(B31,ORDERS[OrderID],ORDERS[Rating],"Null") -> 5 | K31: =IF(FACT_ORDERS[[#This Row],[DeliveryDate]]-FACT_ORDERS[[#This Row],[OrderDate]]<=1,1,0) -> 1 | L31: 15 | M31: =(FACT_ORDERS[[#This Row],[Quantity]]/SUMIF(B$1:B$1643,FACT_ORDERS[[#This Row],[OrderID]],E$1:E$1643))*IF(SUMIFS(FACT_ORDERS[Quantity], FACT_ORDERS[OrderID], FACT_ORDERS[[#This Row],[OrderID]]) < 5, 15, IF(SUMIFS(FACT_ORDERS[Quantity], FACT_ORDERS[OrderID], FACT_ORDERS[[#This Row],[OrderID]]) <= 10, 12, 10)) -> 15 | N31: =(_xlfn.XLOOKUP(D31,DIM_PRODUCTS[ProductID],DIM_PRODUCTS[HandlingFee]))*FACT_ORDERS[[#This Row],[Quantity]] + FACT_ORDERS[[#This Row],[DeliveryFee]] -> 41.126 | O31: =FACT_ORDERS[[#This Row],[TotalPricePerProduct]]-FACT_ORDERS[[#This Row],[DeliveryCost]]-FACT_ORDERS[[#This Row],[OperationsCost]] -> 12.126 | P31: 14
A32: 31 | B32: amh1jl7wnu | C32: C77AE8 | D32: PiWigEgirUclMuO | E32: 11 | F32: asager7v@prweb.com | G32: 45379 | H32: Japan | I32: 45379 | J32: =_xlfn.XLOOKUP(B32,ORDERS[OrderID],ORDERS[Rating],"Null") -> 5 | K32: =IF(FACT_ORDERS[[#This Row],[DeliveryDate]]-FACT_ORDERS[[#This Row],[OrderDate]]<=1,1,0) -> 1 | L32: 15 | M32: =(FACT_ORDERS[[#This Row],[Quantity]]/SUMIF(B$1:B$1643,FACT_ORDERS[[#This Row],[OrderID]],E$1:E$1643))*IF(SUMIFS(FACT_ORDERS[Quantity], FACT_ORDERS[OrderID], FACT_ORDERS[[#This Row],[OrderID]]) < 5, 15, IF(SUMIFS(FACT_ORDERS[Quantity], FACT_ORDERS[OrderID], FACT_ORDERS[[#This Row],[OrderID]]) <= 10, 12, 10)) -> 10 | N32: =(_xlfn.XLOOKUP(D32,DIM_PRODUCTS[ProductID],DIM_PRODUCTS[HandlingFee]))*FACT_ORDERS[[#This Row],[Quantity]] + FACT_ORDERS[[#This Row],[DeliveryFee]] -> 167.35 | O32: =FACT_ORDERS[[#This Row],[TotalPricePerProduct]]-FACT_ORDERS[[#This Row],[DeliveryCost]]-FACT_ORDERS[[#This Row],[OperationsCost]] -> 139.35 | P32: 18
A33: 32 | B33: I0qlqR | C33: C84NX0 | D33: kMvmAelhSE8KqAu | E33: 9 | F33: lclerc4e@illinois.edu | G33: 45304 | H33: Japan | I33: 45305 | J33: =_xlfn.XLOOKUP(B33,ORDERS[OrderID],ORDERS[Rating],"Null") -> 4 | K33: =IF(FACT_ORDERS[[#This Row],[DeliveryDate]]-FACT_ORDERS[[#This Row],[OrderDate]]<=1,1,0) -> 1 | L33: 15 | M33: =(FACT_ORDERS[[#This Row],[Quantity]]/SUMIF(B$1:B$1643,FACT_ORDERS[[#This Row],[OrderID]],E$1:E$1643))*IF(SUMIFS(FACT_ORDERS[Quantity], FACT_ORDERS[OrderID], FACT_ORDERS[[#This Row],[OrderID]]) < 5, 15, IF(SUMIFS(FACT_ORDERS[Quantity], FACT_ORDERS[OrderID], FACT_ORDERS[[#This Row],[OrderID]]) <= 10, 12, 10)) -> 12 | N33: =(_xlfn.XLOOKUP(D33,DIM_PRODUCTS[ProductID],DIM_PRODUCTS[HandlingFee]))*FACT_ORDERS[[#This Row],[Quantity]] + FACT_ORDERS[[#This Row],[DeliveryFee]] -> 43.35 | O33: =FACT_ORDERS[[#This Row],[TotalPricePerProduct]]-FACT_ORDERS[[#This Row],[DeliveryCost]]-FACT_ORDERS[[#This Row],[OperationsCost]] -> 17.35 | P33: 14
A34: 33 | B34: yYL7bk | C34: C84NX0 | D34: kMvmAelhSE8KqAu | E34: 6 | F34: pjearyap@statcounter.com | G34: 45273 | H34: Japan | I34: 45276 | J34: =_xlfn.XLOOKUP(B34,ORDERS[OrderID],ORDERS[Rating],"Null") -> 1 | K34: =IF(FACT_ORDERS[[#This Row],[DeliveryDate]]-FACT_ORDERS[[#This Row],[OrderDate]]<=1,1,0) -> 0 | L34: 15 | M34: =(FACT_ORDERS[[#This Row],[Quantity]]/SUMIF(B$1:B$1643,FACT_ORDERS[[#This Row],[OrderID]],E$1:E$1643))*IF(SUMIFS(FACT_ORDERS[Quantity], FACT_ORDERS[OrderID], FACT_ORDERS[[#This Row],[OrderID]]) < 5, 15, IF(SUMIFS(FACT_ORDERS[Quantity], FACT_ORDERS[OrderID], FACT_ORDERS[[#This Row],[OrderID]]) <= 10, 12, 10)) -> 12 | N34: =(_xlfn.XLOOKUP(D34,DIM_PRODUCTS[ProductID],DIM_PRODUCTS[HandlingFee]))*FACT_ORDERS[[#This Row],[Quantity]] + FACT_ORDERS[[#This Row],[DeliveryFee]] -> 33.9 | O34: =FACT_ORDERS[[#This Row],[TotalPricePerProduct]]-FACT_ORDERS[[#This Row],[DeliveryCost]]-FACT_ORDERS[[#This Row],[OperationsCost]] -> 10.9 | P34: 11
A35: 34 | B35: XbEKGy | C35: C84NX0 | D35: kMvmAelhSE8KqAu | E35: 9 | F35: sorhtmannb7@instagram.com | G35: 45148 | H35: Japan | I35: 45149 | J35: =_xlfn.XLOOKUP(B35,ORDERS[OrderID],ORDERS[Rating],"Null") -> 1 | K35: =IF(FACT_ORDERS[[#This Row],[DeliveryDate]]-FACT_ORDERS[[#This Row],[OrderDate]]<=1,1,0) -> 1 | L35: 15 | M35: =(FACT_ORDERS[[#This Row],[Quantity]]/SUMIF(B$1:B$1643,FACT_ORDERS[[#This Row],[OrderID]],E$1:E$1643))*IF(SUMIFS(FACT_ORDERS[Quantity], FACT_ORDERS[OrderID], FACT_ORDERS[[#This Row],[OrderID]]) < 5, 15, IF(SUMIFS(FACT_ORDERS[Quantity], FACT_ORDERS[OrderID], FACT_ORDERS[[#This Row],[OrderID]]) <= 10, 12, 10)) -> 12 | N35: =(_xlfn.XLOOKUP(D35,DIM_PRODUCTS[ProductID],DIM_PRODUCTS[HandlingFee]))*FACT_ORDERS[[#This Row],[Quantity]] + FACT_ORDERS[[#This Row],[DeliveryFee]] -> 43.35 | O35: =FACT_ORDERS[[#This Row],[TotalPricePerProduct]]-FACT_ORDERS[[#This Row],[DeliveryCost]]-FACT_ORDERS[[#This Row],[OperationsCost]] -> 21.35 | P35: 10
A36: 35 | B36: x3pdx992aj | C36: C86GN0 | D36: j0jhVZbxhGIdOHY | E36: 6 | F36: mbunten91@elegantthemes.com | G36: 45413 | H36: Italy | I36: 45413 | J36: =_xlfn.XLOOKUP(B36,ORDERS[OrderID],ORDERS[Rating],"Null") -> 3 | K36: =IF(FACT_ORDERS[[#This Row],[DeliveryDate]]-FACT_ORDERS[[#This Row],[OrderDate]]<=1,1,0) -> 1 | L36: 15 | M36: =(FACT_ORDERS[[#This Row],[Quantity]]/SUMIF(B$1:B$1643,FACT_ORDERS[[#This Row],[OrderID]],E$1:E$1643))*IF(SUMIFS(FACT_ORDERS[Quantity], FACT_ORDERS[OrderID], FACT_ORDERS[[#This Row],[OrderID]]) < 5, 15, IF(SUMIFS(FACT_ORDERS[Quantity], FACT_ORDERS[OrderID], FACT_ORDERS[[#This Row],[OrderID]]) <= 10, 12, 10)) -> 12 | N36: =(_xlfn.XLOOKUP(D36,DIM_PRODUCTS[ProductID],DIM_PRODUCTS[HandlingFee]))*FACT_ORDERS[[#This Row],[Quantity]] + FACT_ORDERS[[#This Row],[DeliveryFee]] -> 44.865 | O36: =FACT_ORDERS[[#This Row],[TotalPricePerProduct]]-FACT_ORDERS[[#This Row],[DeliveryCost]]-FACT_ORDERS[[#This Row],[OperationsCost]] -> 24.865 | P36: 8
A37: 36 | B37: ZYeR3v | C37: C91HN9 | D37: YB0QCbtRV2JPgrS | E37: 8 | F37: tmcsheea5@ted.com | G37: 45273 | H37: Canada | I37: 45274 | J37: =_xlfn.XLOOKUP(B37,ORDERS[OrderID],ORDERS[Rating],"Null") -> 2 | K37: =IF(FACT_ORDERS[[#This Row],[DeliveryDate]]-FACT_ORDERS[[#This Row],[OrderDate]]<=1,1,0) -> 1 | L37: 15 | M37: =(FACT_ORDERS[[#This Row],[Quantity]]/SUMIF(B$1:B$1643,FACT_ORDERS[[#This Row],[OrderID]],E$1:E$1643))*IF(SUMIFS(FACT_ORDERS[Quantity], FACT_ORDERS[OrderID], FACT_ORDERS[[#This Row],[OrderID]]) < 5, 15, IF(SUMIFS(FACT_ORDERS[Quantity], FACT_ORDERS[OrderID], FACT_ORDERS[[#This Row],[OrderID]]) <= 10, 12, 10)) -> 12 | N37: =(_xlfn.XLOOKUP(D37,DIM_PRODUCTS[ProductID],DIM_PRODUCTS[HandlingFee]))*FACT_ORDERS[[#This Row],[Quantity]] + FACT_ORDERS[[#This Row],[DeliveryFee]] -> 102.6 | O37: =FACT_ORDERS[[#This Row],[TotalPricePerProduct]]-FACT_ORDERS[[#This Row],[DeliveryCost]]-FACT_ORDERS[[#This Row],[OperationsCost]] -> 84.6 | P37: 6
A38: 37 | B38: vDXSwx | C38: C91HN9 | D38: YB0QCbtRV2JPgrS | E38: 7 | F38: oklassmann4s@toplist.cz | G38: 45379 | H38: Canada | I38: 45380 | J38: =_xlfn.XLOOKUP(B38,ORDERS[OrderID],ORDERS[Rating],"Null") -> 3 | K38: =IF(FACT_ORDERS[[#This Row],[DeliveryDate]]-FACT_ORDERS[[#This Row],[OrderDate]]<=1,1,0) -> 1 | L38: 15 | M38: =(FACT_ORDERS[[#This Row],[Quantity]]/SUMIF(B$1:B$1643,FACT_ORDERS[[#This Row],[OrderID]],E$1:E$1643))*IF(SUMIFS(FACT_ORDERS[Quantity], FACT_ORDERS[OrderID], FACT_ORDERS[[#This Row],[OrderID]]) < 5, 15, IF(SUMIFS(FACT_ORDERS[Quantity], FACT_ORDERS[OrderID], FACT_ORDERS[[#This Row],[OrderID]]) <= 10, 12, 10)) -> 12 | N38: =(_xlfn.XLOOKUP(D38,DIM_PRODUCTS[ProductID],DIM_PRODUCTS[HandlingFee]))*FACT_ORDERS[[#This Row],[Quantity]] + FACT_ORDERS[[#This Row],[DeliveryFee]] -> 91.65 | O38: =FACT_ORDERS[[#This Row],[TotalPricePerProduct]]-FACT_ORDERS[[#This Row],[DeliveryCost]]-FACT_ORDERS[[#This Row],[OperationsCost]] -> 70.65 | P38: 9
A39: 38 | B39: h0kPxn | C39: C91HN9 | D39: YB0QCbtRV2JPgrS | E39: 2 | F39: aklempkebj@quantcast.com | G39: 45423 | H39: Canada | I39: 45423 | J39: =_xlfn.XLOOKUP(B39,ORDERS[OrderID],ORDERS[Rating],"Null") -> 1 | K39: =IF(FACT_ORDERS[[#This Row],[DeliveryDate]]-FACT_ORDERS[[#This Row],[OrderDate]]<=1,1,0) -> 1 | L39: 3 | M39: =(FACT_ORDERS[[#This Row],[Quantity]]/SUMIF(B$1:B$1643,FACT_ORDERS[[#This Row],[OrderID]],E$1:E$1643))*IF(SUMIFS(FACT_ORDERS[Quantity], FACT_ORDERS[OrderID], FACT_ORDERS[[#This Row],[OrderID]]) < 5, 15, IF(SUMIFS(FACT_ORDERS[Quantity], FACT_ORDERS[OrderID], FACT_ORDERS[[#This Row],[OrderID]]) <= 10, 12, 10)) -> 2.4 | N39: =(_xlfn.XLOOKUP(D39,DIM_PRODUCTS[ProductID],DIM_PRODUCTS[HandlingFee]))*FACT_ORDERS[[#This Row],[Quantity]] + FACT_ORDERS[[#This Row],[DeliveryFee]] -> 24.9 | O39: =FACT_ORDERS[[#This Row],[TotalPricePerProduct]]-FACT_ORDERS[[#This Row],[DeliveryCost]]-FACT_ORDERS[[#This Row],[OperationsCost]] -> 3.5 | P39: 19
A40: 39 | B40: QfCJZk | C40: C91HN9 | D40: YB0QCbtRV2JPgrS | E40: 11 | F40: aseallyw@rediff.com | G40: 45200 | H40: Canada | I40: 45200 | J40: =_xlfn.XLOOKUP(B40,ORDERS[OrderID],ORDERS[Rating],"Null") -> 3 | K40: =IF(FACT_ORDERS[[#This Row],[DeliveryDate]]-FACT_ORDERS[[#This Row],[OrderDate]]<=1,1,0) -> 1 | L40: 11 | M40: =(FACT_ORDERS[[#This Row],[Quantity]]/SUMIF(B$1:B$1643,FACT_ORDERS[[#This Row],[OrderID]],E$1:E$1643))*IF(SUMIFS(FACT_ORDERS[Quantity], FACT_ORDERS[OrderID], FACT_ORDERS[[#This Row],[OrderID]]) < 5, 15, IF(SUMIFS(FACT_ORDERS[Quantity], FACT_ORDERS[OrderID], FACT_ORDERS[[#This Row],[OrderID]]) <= 10, 12, 10)) -> 7.3333333 | N40: =(_xlfn.XLOOKUP(D40,DIM_PRODUCTS[ProductID],DIM_PRODUCTS[HandlingFee]))*FACT_ORDERS[[#This Row],[Quantity]] + FACT_ORDERS[[#This Row],[DeliveryFee]] -> 131.45 | O40: =FACT_ORDERS[[#This Row],[TotalPricePerProduct]]-FACT_ORDERS[[#This Row],[DeliveryCost]]-FACT_ORDERS[[#This Row],[OperationsCost]] -> 107.11667 | P40: 17
A41: 40 | B41: k2kYAu | C41: C91HN9 | D41: YB0QCbtRV2JPgrS | E41: 7 | F41: rkippie4d@msu.edu | G41: 45473 | H41: Canada | I41: 45474 | J41: =_xlfn.XLOOKUP(B41,ORDERS[OrderID],ORDERS[Rating],"Null") -> 1 | K41: =IF(FACT_ORDERS[[#This Row],[DeliveryDate]]-FACT_ORDERS[[#This Row],[OrderDate]]<=1,1,0) -> 1 | L41: 7.5 | M41: =(FACT_ORDERS[[#This Row],[Quantity]]/SUMIF(B$1:B$1643,FACT_ORDERS[[#This Row],[OrderID]],E$1:E$1643))*IF(SUMIFS(FACT_ORDERS[Quantity], FACT_ORDERS[OrderID], FACT_ORDERS[[#This Row],[OrderID]]) < 5, 15, IF(SUMIFS(FACT_ORDERS[Quantity], FACT_ORDERS[OrderID], FACT_ORDERS[[#This Row],[OrderID]]) <= 10, 12, 10)) -> 5 | N41: =(_xlfn.XLOOKUP(D41,DIM_PRODUCTS[ProductID],DIM_PRODUCTS[HandlingFee]))*FACT_ORDERS[[#This Row],[Quantity]] + FACT_ORDERS[[#This Row],[DeliveryFee]] -> 84.15 | O41: =FACT_ORDERS[[#This Row],[TotalPricePerProduct]]-FACT_ORDERS[[#This Row],[DeliveryCost]]-FACT_ORDERS[[#This Row],[OperationsCost]] -> 63.15 | P41: 16
A42: 41 | B42: IWTwWR | C42: C91HN9 | D42: YB0QCbtRV2JPgrS | E42: 7 | F42: hbumphrieso@omniture.com | G42: 45340 | H42: Canada | I42: 45340 | J42: =_xlfn.XLOOKUP(B42,ORDERS[OrderID],ORDERS[Rating],"Null") -> 3 | K42: =IF(FACT_ORDERS[[#This Row],[DeliveryDate]]-FACT_ORDERS[[#This Row],[OrderDate]]<=1,1,0) -> 1 | L42: 15 | M42: =(FACT_ORDERS[[#This Row],[Quantity]]/SUMIF(B$1:B$1643,FACT_ORDERS[[#This Row],[OrderID]],E$1:E$1643))*IF(SUMIFS(FACT_ORDERS[Quantity], FACT_ORDERS[OrderID], FACT_ORDERS[[#This Row],[OrderID]]) < 5, 15, IF(SUMIFS(FACT_ORDERS[Quantity], FACT_ORDERS[OrderID], FACT_ORDERS[[#This Row],[OrderID]]) <= 10, 12, 10)) -> 12 | N42: =(_xlfn.XLOOKUP(D42,DIM_PRODUCTS[ProductID],DIM_PRODUCTS[HandlingFee]))*FACT_ORDERS[[#This Row],[Quantity]] + FACT_ORDERS[[#This Row],[DeliveryFee]] -> 91.65 | O42: =FACT_ORDERS[[#This Row],[TotalPricePerProduct]]-FACT_ORDERS[[#This Row],[DeliveryCost]]-FACT_ORDERS[[#This Row],[OperationsCost]] -> 65.65 | P42: 14
A43: 42 | B43: PbmXF6 | C43: C91HN9 | D43: YB0QCbtRV2JPgrS | E43: 1 | F43: mgiraudo92@baidu.com | G43: 45303 | H43: Canada | I43: 45306 | J43: =_xlfn.XLOOKUP(B43,ORDERS[OrderID],ORDERS[Rating],"Null") -> 3 | K43: =IF(FACT_ORDERS[[#This Row],[DeliveryDate]]-FACT_ORDERS[[#This Row],[OrderDate]]<=1,1,0) -> 0 | L43: 15 | M43: =(FACT_ORDERS[[#This Row],[Quantity]]/SUMIF(B$1:B$1643,FACT_ORDERS[[#This Row],[OrderID]],E$1:E$1643))*IF(SUMIFS(FACT_ORDERS[Quantity], FACT_ORDERS[OrderID], FACT_ORDERS[[#This Row],[OrderID]]) < 5, 15, IF(SUMIFS(FACT_ORDERS[Quantity], FACT_ORDERS[OrderID], FACT_ORDERS[[#This Row],[OrderID]]) <= 10, 12, 10)) -> 15 | N43: =(_xlfn.XLOOKUP(D43,DIM_PRODUCTS[ProductID],DIM_PRODUCTS[HandlingFee]))*FACT_ORDERS[[#This Row],[Quantity]] + FACT_ORDERS[[#This Row],[DeliveryFee]] -> 25.95 | O43: =FACT_ORDERS[[#This Row],[TotalPricePerProduct]]-FACT_ORDERS[[#This Row],[DeliveryCost]]-FACT_ORDERS[[#This Row],[OperationsCost]] -> -5.05 | P43: 16
... A47: 46 | B47: 2h817vdz17 | C47: D20WW2 | D47: 0LGNojV8vfzp9j8 | E47: 1 | F47: edjekovic66@amazonaws.com | G47: 45165 | H47: Japan | I47: 45169 | J47: =_xlfn.XLOOKUP(B47,ORDERS[OrderID],ORDERS[Rating],"Null") -> 4 | K47: =IF(FACT_ORDERS[[#This Row],[DeliveryDate]]-FACT_ORDERS[[#This Row],[OrderDate]]<=1,1,0) -> 0 | L47: 15 | M47: =(FACT_ORDERS[[#This Row],[Quantity]]/SUMIF(B$1:B$1643,FACT_ORDERS[[#This Row],[OrderID]],E$1:E$1643))*IF(SUMIFS(FACT_ORDERS[Quantity], FACT_ORDERS[OrderID], FACT_ORDERS[[#This Row],[OrderID]]) < 5, 15, IF(SUMIFS(FACT_ORDERS[Quantity], FACT_ORDERS[OrderID], FACT_ORDERS[[#This Row],[OrderID]]) <= 10, 12, 10)) -> 15 | N47: =(_xlfn.XLOOKUP(D47,DIM_PRODUCTS[ProductID],DIM_PRODUCTS[HandlingFee]))*FACT_ORDERS[[#This Row],[Quantity]] + FACT_ORDERS[[#This Row],[DeliveryFee]] -> 20.0165 | O47: =FACT_ORDERS[[#This Row],[TotalPricePerProduct]]-FACT_ORDERS[[#This Row],[DeliveryCost]]-FACT_ORDERS[[#This Row],[OperationsCost]] -> -8.9835 | P47: 14
A48: 47 | B48: 17049 | C48: D29GJ5 | D48: GhYWecUFWV8LAXJ | E48: 12 | F48: jpainten11@drupal.org | G48: 45269 | H48: South Africa | I48: 45271 | J48: =_xlfn.XLOOKUP(B48,ORDERS[OrderID],ORDERS[Rating],"Null") -> 5 | K48: =IF(FACT_ORDERS[[#This Row],[DeliveryDate]]-FACT_ORDERS[[#This Row],[OrderDate]]<=1,1,0) -> 0 | L48: 15 | M48: =(FACT_ORDERS[[#This Row],[Quantity]]/SUMIF(B$1:B$1643,FACT_ORDERS[[#This Row],[OrderID]],E$1:E$1643))*IF(SUMIFS(FACT_ORDERS[Quantity], FACT_ORDERS[OrderID], FACT_ORDERS[[#This Row],[OrderID]]) < 5, 15, IF(SUMIFS(FACT_ORDERS[Quantity], FACT_ORDERS[OrderID], FACT_ORDERS[[#This Row],[OrderID]]) <= 10, 12, 10)) -> 10 | N48: =(_xlfn.XLOOKUP(D48,DIM_PRODUCTS[ProductID],DIM_PRODUCTS[HandlingFee]))*FACT_ORDERS[[#This Row],[Quantity]] + FACT_ORDERS[[#This Row],[DeliveryFee]] -> 82.86 | O48: =FACT_ORDERS[[#This Row],[TotalPricePerProduct]]-FACT_ORDERS[[#This Row],[DeliveryCost]]-FACT_ORDERS[[#This Row],[OperationsCost]] -> 66.86 | P48: 6
A49: 48 | B49: 62705 | C49: D29GJ5 | D49: GhYWecUFWV8LAXJ | E49: 10 | F49: mgindghillaj@photobucket.com | G49: 45310 | H49: South Africa | I49: 45312 | J49: =_xlfn.XLOOKUP(B49,ORDERS[OrderID],ORDERS[Rating],"Null") -> 4 | K49: =IF(FACT_ORDERS[[#This Row],[DeliveryDate]]-FACT_ORDERS[[#This Row],[OrderDate]]<=1,1,0) -> 0 | L49: 15 | M49: =(FACT_ORDERS[[#This Row],[Quantity]]/SUMIF(B$1:B$1643,FACT_ORDERS[[#This Row],[OrderID]],E$1:E$1643))*IF(SUMIFS(FACT_ORDERS[Quantity], FACT_ORDERS[OrderID], FACT_ORDERS[[#This Row],[OrderID]]) < 5, 15, IF(SUMIFS(FACT_ORDERS[Quantity], FACT_ORDERS[OrderID], FACT_ORDERS[[#This Row],[OrderID]]) <= 10, 12, 10)) -> 12 | N49: =(_xlfn.XLOOKUP(D49,DIM_PRODUCTS[ProductID],DIM_PRODUCTS[HandlingFee]))*FACT_ORDERS[[#This Row],[Quantity]] + FACT_ORDERS[[#This Row],[DeliveryFee]] -> 71.55 | O49: =FACT_ORDERS[[#This Row],[TotalPricePerProduct]]-FACT_ORDERS[[#This Row],[DeliveryCost]]-FACT_ORDERS[[#This Row],[OperationsCost]] -> 44.55 | P49: 15
A50: 49 | B50: Z8VL3P4QYZA | C50: D29GJ5 | D50: GhYWecUFWV8LAXJ | E50: 12 | F50: kcreech8h@mediafire.com | G50: 45371 | H50: South Africa | I50: 45373 | J50: =_xlfn.XLOOKUP(B50,ORDERS[OrderID],ORDERS[Rating],"Null") -> 1 | K50: =IF(FACT_ORDERS[[#This Row],[DeliveryDate]]-FACT_ORDERS[[#This Row],[OrderDate]]<=1,1,0) -> 0 | L50: 15 | M50: =(FACT_ORDERS[[#This Row],[Quantity]]/SUMIF(B$1:B$1643,FACT_ORDERS[[#This Row],[OrderID]],E$1:E$1643))*IF(SUMIFS(FACT_ORDERS[Quantity], FACT_ORDERS[OrderID], FACT_ORDERS[[#This Row],[OrderID]]) < 5, 15, IF(SUMIFS(FACT_ORDERS[Quantity], FACT_ORDERS[OrderID], FACT_ORDERS[[#This Row],[OrderID]]) <= 10, 12, 10)) -> 10 | N50: =(_xlfn.XLOOKUP(D50,DIM_PRODUCTS[ProductID],DIM_PRODUCTS[HandlingFee]))*FACT_ORDERS[[#This Row],[Quantity]] + FACT_ORDERS[[#This Row],[DeliveryFee]] -> 82.86 | O50: =FACT_ORDERS[[#This Row],[TotalPricePerProduct]]-FACT_ORDERS[[#This Row],[DeliveryCost]]-FACT_ORDERS[[#This Row],[OperationsCost]] -> 57.86 | P50: 15
A51: 50 | B51: wc6Tv0 | C51: D33JO0 | D51: j87CT3HXLrh2Roz | E51: 12 | F51: dbenitti2f@wikipedia.org | G51: 45254 | H51: Austria | I51: 45255 | J51: =_xlfn.XLOOKUP(B51,ORDERS[OrderID],ORDERS[Rating],"Null") -> 1 | K51: =IF(FACT_ORDERS[[#This Row],[DeliveryDate]]-FACT_ORDERS[[#This Row],[OrderDate]]<=1,1,0) -> 1 | L51: 12.857143 | M51: =(FACT_ORDERS[[#This Row],[Quantity]]/SUMIF(B$1:B$1643,FACT_ORDERS[[#This Row],[OrderID]],E$1:E$1643))*IF(SUMIFS(FACT_ORDERS[Quantity], FACT_ORDERS[OrderID], FACT_ORDERS[[#This Row],[OrderID]]) < 5, 15, IF(SUMIFS(FACT_ORDERS[Quantity], FACT_ORDERS[OrderID], FACT_ORDERS[[#This Row],[OrderID]]) <= 10, 12, 10)) -> 8.5714286 | N51: =(_xlfn.XLOOKUP(D51,DIM_PRODUCTS[ProductID],DIM_PRODUCTS[HandlingFee]))*FACT_ORDERS[[#This Row],[Quantity]] + FACT_ORDERS[[#This Row],[DeliveryFee]] -> 83.657143 | O51: =FACT_ORDERS[[#This Row],[TotalPricePerProduct]]-FACT_ORDERS[[#This Row],[DeliveryCost]]-FACT_ORDERS[[#This Row],[OperationsCost]] -> 56.085714 | P51: 19
A52: 51 | B52: 2a8KqA | C52: D33JO0 | D52: j87CT3HXLrh2Roz | E52: 8 | F52: dbenitti2f@wikipedia.org | G52: 45405 | H52: Austria | I52: 45405 | J52: =_xlfn.XLOOKUP(B52,ORDERS[OrderID],ORDERS[Rating],"Null") -> 5 | K52: =IF(FACT_ORDERS[[#This Row],[DeliveryDate]]-FACT_ORDERS[[#This Row],[OrderDate]]<=1,1,0) -> 1 | L52: 7.5 | M52: =(FACT_ORDERS[[#This Row],[Quantity]]/SUMIF(B$1:B$1643,FACT_ORDERS[[#This Row],[OrderID]],E$1:E$1643))*IF(SUMIFS(FACT_ORDERS[Quantity], FACT_ORDERS[OrderID], FACT_ORDERS[[#This Row],[OrderID]]) < 5, 15, IF(SUMIFS(FACT_ORDERS[Quantity], FACT_ORDERS[OrderID], FACT_ORDERS[[#This Row],[OrderID]]) <= 10, 12, 10)) -> 5 | N52: =(_xlfn.XLOOKUP(D52,DIM_PRODUCTS[ProductID],DIM_PRODUCTS[HandlingFee]))*FACT_ORDERS[[#This Row],[Quantity]] + FACT_ORDERS[[#This Row],[DeliveryFee]] -> 54.7 | O52: =FACT_ORDERS[[#This Row],[TotalPricePerProduct]]-FACT_ORDERS[[#This Row],[DeliveryCost]]-FACT_ORDERS[[#This Row],[OperationsCost]] -> 30.7 | P52: 19
A53: 52 | B53: 2XzEv2 | C53: D33JO0 | D53: j87CT3HXLrh2Roz | E53: 1 | F53: mgiraudo92@baidu.com | G53: 45477 | H53: Austria | I53: 45477 | J53: =_xlfn.XLOOKUP(B53,ORDERS[OrderID],ORDERS[Rating],"Null") -> 4 | K53: =IF(FACT_ORDERS[[#This Row],[DeliveryDate]]-FACT_ORDERS[[#This Row],[OrderDate]]<=1,1,0) -> 1 | L53: 5 | M53: =(FACT_ORDERS[[#This Row],[Quantity]]/SUMIF(B$1:B$1643,FACT_ORDERS[[#This Row],[OrderID]],E$1:E$1643))*IF(SUMIFS(FACT_ORDERS[Quantity], FACT_ORDERS[OrderID], FACT_ORDERS[[#This Row],[OrderID]]) < 5, 15, IF(SUMIFS(FACT_ORDERS[Quantity], FACT_ORDERS[OrderID], FACT_ORDERS[[#This Row],[OrderID]]) <= 10, 12, 10)) -> 5 | N53: =(_xlfn.XLOOKUP(D53,DIM_PRODUCTS[ProductID],DIM_PRODUCTS[HandlingFee]))*FACT_ORDERS[[#This Row],[Quantity]] + FACT_ORDERS[[#This Row],[DeliveryFee]] -> 10.9 | O53: =FACT_ORDERS[[#This Row],[TotalPricePerProduct]]-FACT_ORDERS[[#This Row],[DeliveryCost]]-FACT_ORDERS[[#This Row],[OperationsCost]] -> -6.1 | P53: 12
A54: 53 | B54: s8l9qupoul | C54: D48MY0 | D54: MsUQ9cIG4Cfc65v | E54: 6 | F54: chearfieldd5@stumbleupon.com | G54: 45360 | H54: Austria | I54: 45363 | J54: =_xlfn.XLOOKUP(B54,ORDERS[OrderID],ORDERS[Rating],"Null") -> 2 | K54: =IF(FACT_ORDERS[[#This Row],[DeliveryDate]]-FACT_ORDERS[[#This Row],[OrderDate]]<=1,1,0) -> 0 | L54: 15 | M54: =(FACT_ORDERS[[#This Row],[Quantity]]/SUMIF(B$1:B$1643,FACT_ORDERS[[#This Row],[OrderID]],E$1:E$1643))*IF(SUMIFS(FACT_ORDERS[Quantity], FACT_ORDERS[OrderID], FACT_ORDERS[[#This Row],[OrderID]]) < 5, 15, IF(SUMIFS(FACT_ORDERS[Quantity], FACT_ORDERS[OrderID], FACT_ORDERS[[#This Row],[OrderID]]) <= 10, 12, 10)) -> 12 | N54: =(_xlfn.XLOOKUP(D54,DIM_PRODUCTS[ProductID],DIM_PRODUCTS[HandlingFee]))*FACT_ORDERS[[#This Row],[Quantity]] + FACT_ORDERS[[#This Row],[DeliveryFee]] -> 46.146 | O54: =FACT_ORDERS[[#This Row],[TotalPricePerProduct]]-FACT_ORDERS[[#This Row],[DeliveryCost]]-FACT_ORDERS[[#This Row],[OperationsCost]] -> 16.146 | P54: 18
A55: 54 | B55: L58m86 | C55: D52KW6 | D55: hUuGOYkWevYhgfg | E55: 12 | F55: gpeiroc1@forbes.com | G55: 45273 | H55: Greece | I55: 45273 | J55: =_xlfn.XLOOKUP(B55,ORDERS[OrderID],ORDERS[Rating],"Null") -> 4 | K55: =IF(FACT_ORDERS[[#This Row],[DeliveryDate]]-FACT_ORDERS[[#This Row],[OrderDate]]<=1,1,0) -> 1 | L55: 15 | M55: =(FACT_ORDERS[[#This Row],[Quantity]]/SUMIF(B$1:B$1643,FACT_ORDERS[[#This Row],[OrderID]],E$1:E$1643))*IF(SUMIFS(FACT_ORDERS[Quantity], FACT_ORDERS[OrderID], FACT_ORDERS[[#This Row],[OrderID]]) < 5, 15, IF(SUMIFS(FACT_ORDERS[Quantity], FACT_ORDERS[OrderID], FACT_ORDERS[[#This Row],[OrderID]]) <= 10, 12, 10)) -> 10 | N55: =(_xlfn.XLOOKUP(D55,DIM_PRODUCTS[ProductID],DIM_PRODUCTS[HandlingFee]))*FACT_ORDERS[[#This Row],[Quantity]] + FACT_ORDERS[[#This Row],[DeliveryFee]] -> 114.6 | O55: =FACT_ORDERS[[#This Row],[TotalPricePerProduct]]-FACT_ORDERS[[#This Row],[DeliveryCost]]-FACT_ORDERS[[#This Row],[OperationsCost]] -> 91.6 | P55: 13
A56: 55 | B56: 4XXNjn | C56: D52KW6 | D56: hUuGOYkWevYhgfg | E56: 5 | F56: sknee7@ning.com | G56: 45350 | H56: Greece | I56: 45350 | J56: =_xlfn.XLOOKUP(B56,ORDERS[OrderID],ORDERS[Rating],"Null") -> 5 | K56: =IF(FACT_ORDERS[[#This Row],[DeliveryDate]]-FACT_ORDERS[[#This Row],[OrderDate]]<=1,1,0) -> 1 | L56: 15 | M56: =(FACT_ORDERS[[#This Row],[Quantity]]/SUMIF(B$1:B$1643,FACT_ORDERS[[#This Row],[OrderID]],E$1:E$1643))*IF(SUMIFS(FACT_ORDERS[Quantity], FACT_ORDERS[OrderID], FACT_ORDERS[[#This Row],[OrderID]]) < 5, 15, IF(SUMIFS(FACT_ORDERS[Quantity], FACT_ORDERS[OrderID], FACT_ORDERS[[#This Row],[OrderID]]) <= 10, 12, 10)) -> 12 | N56: =(_xlfn.XLOOKUP(D56,DIM_PRODUCTS[ProductID],DIM_PRODUCTS[HandlingFee]))*FACT_ORDERS[[#This Row],[Quantity]] + FACT_ORDERS[[#This Row],[DeliveryFee]] -> 56.5 | O56: =FACT_ORDERS[[#This Row],[TotalPricePerProduct]]-FACT_ORDERS[[#This Row],[DeliveryCost]]-FACT_ORDERS[[#This Row],[OperationsCost]] -> 30.5 | P56: 14
A57: 56 | B57: 5KQ6NU2F0OW | C57: D59GS7 | D57: evTdWJSSbAKTz1U | E57: 11 | F57: psworn31@nationalgeographic.com | G57: 45228 | H57: India | I57: 45228 | J57: =_xlfn.XLOOKUP(B57,ORDERS[OrderID],ORDERS[Rating],"Null") -> 5 | K57: =IF(FACT_ORDERS[[#This Row],[DeliveryDate]]-FACT_ORDERS[[#This Row],[OrderDate]]<=1,1,0) -> 1 | L57: 15 | M57: =(FACT_ORDERS[[#This Row],[Quantity]]/SUMIF(B$1:B$1643,FACT_ORDERS[[#This Row],[OrderID]],E$1:E$1643))*IF(SUMIFS(FACT_ORDERS[Quantity], FACT_ORDERS[OrderID], FACT_ORDERS[[#This Row],[OrderID]]) < 5, 15, IF(SUMIFS(FACT_ORDERS[Quantity], FACT_ORDERS[OrderID], FACT_ORDERS[[#This Row],[OrderID]]) <= 10, 12, 10)) -> 10 | N57: =(_xlfn.XLOOKUP(D57,DIM_PRODUCTS[ProductID],DIM_PRODUCTS[HandlingFee]))*FACT_ORDERS[[#This Row],[Quantity]] + FACT_ORDERS[[#This Row],[DeliveryFee]] -> 138.2 | O57: =FACT_ORDERS[[#This Row],[TotalPricePerProduct]]-FACT_ORDERS[[#This Row],[DeliveryCost]]-FACT_ORDERS[[#This Row],[OperationsCost]] -> 112.2 | P57: 16
A58: 57 | B58: 6462 | C58: D61IS3 | D58: Ni6j3p60ERtpCrs | E58: 10 | F58: rvincent4v@toplist.cz | G58: 45216 | H58: Qatar | I58: 45217 | J58: =_xlfn.XLOOKUP(B58,ORDERS[OrderID],ORDERS[Rating],"Null") -> 5 | K58: =IF(FACT_ORDERS[[#This Row],[DeliveryDate]]-FACT_ORDERS[[#This Row],[OrderDate]]<=1,1,0) -> 1 | L58: 15 | M58: =(FACT_ORDERS[[#This Row],[Quantity]]/SUMIF(B$1:B$1643,FACT_ORDERS[[#This Row],[OrderID]],E$1:E$1643))*IF(SUMIFS(FACT_ORDERS[Quantity], FACT_ORDERS[OrderID], FACT_ORDERS[[#This Row],[OrderID]]) < 5, 15, IF(SUMIFS(FACT_ORDERS[Quantity], FACT_ORDERS[OrderID], FACT_ORDERS[[#This Row],[OrderID]]) <= 10, 12, 10)) -> 12 | N58: =(_xlfn.XLOOKUP(D58,DIM_PRODUCTS[ProductID],DIM_PRODUCTS[HandlingFee]))*FACT_ORDERS[[#This Row],[Quantity]] + FACT_ORDERS[[#This Row],[DeliveryFee]] -> 104.895 | O58: =FACT_ORDERS[[#This Row],[TotalPricePerProduct]]-FACT_ORDERS[[#This Row],[DeliveryCost]]-FACT_ORDERS[[#This Row],[OperationsCost]] -> 77.895 | P58: 15
A59: 58 | B59: aSprXQ | C59: D63FL0 | D59: uzHTCo7vKlTxbGz | E59: 6 | F59: alengletcv@ted.com | G59: 45137 | H59: Italy | I59: 45137 | J59: =_xlfn.XLOOKUP(B59,ORDERS[OrderID],ORDERS[Rating],"Null") -> 4 | K59: =IF(FACT_ORDERS[[#This Row],[DeliveryDate]]-FACT_ORDERS[[#This Row],[OrderDate]]<=1,1,0) -> 1 | L59: 15 | M59: =(FACT_ORDERS[[#This Row],[Quantity]]/SUMIF(B$1:B$1643,FACT_ORDERS[[#This Row],[OrderID]],E$1:E$1643))*IF(SUMIFS(FACT_ORDERS[Quantity], FACT_ORDERS[OrderID], FACT_ORDERS[[#This Row],[OrderID]]) < 5, 15, IF(SUMIFS(FACT_ORDERS[Quantity], FACT_ORDERS[OrderID], FACT_ORDERS[[#This Row],[OrderID]]) <= 10, 12, 10)) -> 12 | N59: =(_xlfn.XLOOKUP(D59,DIM_PRODUCTS[ProductID],DIM_PRODUCTS[HandlingFee]))*FACT_ORDERS[[#This Row],[Quantity]] + FACT_ORDERS[[#This Row],[DeliveryFee]] -> 38.1 | O59: =FACT_ORDERS[[#This Row],[TotalPricePerProduct]]-FACT_ORDERS[[#This Row],[DeliveryCost]]-FACT_ORDERS[[#This Row],[OperationsCost]] -> 8.1 | P59: 18
A60: 59 | B60: GZ6cCI | C60: D81PM1 | D60: Z55yx9bDtT1r6mS | E60: 4 | F60: lskeldonca@cdc.gov | G60: 45209 | H60: India | I60: 45209 | J60: =_xlfn.XLOOKUP(B60,ORDERS[OrderID],ORDERS[Rating],"Null") -> 2 | K60: =IF(FACT_ORDERS[[#This Row],[DeliveryDate]]-FACT_ORDERS[[#This Row],[OrderDate]]<=1,1,0) -> 1 | L60: 5 | M60: =(FACT_ORDERS[[#This Row],[Quantity]]/SUMIF(B$1:B$1643,FACT_ORDERS[[#This Row],[OrderID]],E$1:E$1643))*IF(SUMIFS(FACT_ORDERS[Quantity], FACT_ORDERS[OrderID], FACT_ORDERS[[#This Row],[OrderID]]) < 5, 15, IF(SUMIFS(FACT_ORDERS[Quantity], FACT_ORDERS[OrderID], FACT_ORDERS[[#This Row],[OrderID]]) <= 10, 12, 10)) -> 3.3333333 | N60: =(_xlfn.XLOOKUP(D60,DIM_PRODUCTS[ProductID],DIM_PRODUCTS[HandlingFee]))*FACT_ORDERS[[#This Row],[Quantity]] + FACT_ORDERS[[#This Row],[DeliveryFee]] -> 24.8 | O60: =FACT_ORDERS[[#This Row],[TotalPricePerProduct]]-FACT_ORDERS[[#This Row],[DeliveryCost]]-FACT_ORDERS[[#This Row],[OperationsCost]] -> 6.4666667 | P60: 15
A61: 60 | B61: b5NxCW | C61: D81PM1 | D61: Z55yx9bDtT1r6mS | E61: 5 | F61: fverlinde1a@nyu.edu | G61: 45209 | H61: India | I61: 45209 | J61: =_xlfn.XLOOKUP(B61,ORDERS[OrderID],ORDERS[Rating],"Null") -> 4 | K61: =IF(FACT_ORDERS[[#This Row],[DeliveryDate]]-FACT_ORDERS[[#This Row],[OrderDate]]<=1,1,0) -> 1 | L61: 7.5 | M61: =(FACT_ORDERS[[#This Row],[Quantity]]/SUMIF(B$1:B$1643,FACT_ORDERS[[#This Row],[OrderID]],E$1:E$1643))*IF(SUMIFS(FACT_ORDERS[Quantity], FACT_ORDERS[OrderID], FACT_ORDERS[[#This Row],[OrderID]]) < 5, 15, IF(SUMIFS(FACT_ORDERS[Quantity], FACT_ORDERS[OrderID], FACT_ORDERS[[#This Row],[OrderID]]) <= 10, 12, 10)) -> 6 | N61: =(_xlfn.XLOOKUP(D61,DIM_PRODUCTS[ProductID],DIM_PRODUCTS[HandlingFee]))*FACT_ORDERS[[#This Row],[Quantity]] + FACT_ORDERS[[#This Row],[DeliveryFee]] -> 32.25 | O61: =FACT_ORDERS[[#This Row],[TotalPricePerProduct]]-FACT_ORDERS[[#This Row],[DeliveryCost]]-FACT_ORDERS[[#This Row],[OperationsCost]] -> 21.25 | P61: 5
A62: 61 | B62: xX9npz | C62: D81PM1 | D62: Z55yx9bDtT1r6mS | E62: 7 | F62: rnaisey5z@php.net | G62: 45173 | H62: India | I62: 45176 | J62: =_xlfn.XLOOKUP(B62,ORDERS[OrderID],ORDERS[Rating],"Null") -> 4 | K62: =IF(FACT_ORDERS[[#This Row],[DeliveryDate]]-FACT_ORDERS[[#This Row],[OrderDate]]<=1,1,0) -> 0 | L62: 7.5 | M62: =(FACT_ORDERS[[#This Row],[Quantity]]/SUMIF(B$1:B$1643,FACT_ORDERS[[#This Row],[OrderID]],E$1:E$1643))*IF(SUMIFS(FACT_ORDERS[Quantity], FACT_ORDERS[OrderID], FACT_ORDERS[[#This Row],[OrderID]]) < 5, 15, IF(SUMIFS(FACT_ORDERS[Quantity], FACT_ORDERS[OrderID], FACT_ORDERS[[#This Row],[OrderID]]) <= 10, 12, 10)) -> 5 | N62: =(_xlfn.XLOOKUP(D62,DIM_PRODUCTS[ProductID],DIM_PRODUCTS[HandlingFee]))*FACT_ORDERS[[#This Row],[Quantity]] + FACT_ORDERS[[#This Row],[DeliveryFee]] -> 42.15 | O62: =FACT_ORDERS[[#This Row],[TotalPricePerProduct]]-FACT_ORDERS[[#This Row],[DeliveryCost]]-FACT_ORDERS[[#This Row],[OperationsCost]] -> 34.15 | P62: 3
A63: 62 | B63: NZNqwG | C63: D81PM1 | D63: Z55yx9bDtT1r6mS | E63: 5 | F63: jrings3z@dmoz.org | G63: 45239 | H63: India | I63: 45242 | J63: =_xlfn.XLOOKUP(B63,ORDERS[OrderID],ORDERS[Rating],"Null") -> 2 | K63: =IF(FACT_ORDERS[[#This Row],[DeliveryDate]]-FACT_ORDERS[[#This Row],[OrderDate]]<=1,1,0) -> 0 | L63: 8.3333333 | M63: =(FACT_ORDERS[[#This Row],[Quantity]]/SUMIF(B$1:B$1643,FACT_ORDERS[[#This Row],[OrderID]],E$1:E$1643))*IF(SUMIFS(FACT_ORDERS[Quantity], FACT_ORDERS[OrderID], FACT_ORDERS[[#This Row],[OrderID]]) < 5, 15, IF(SUMIFS(FACT_ORDERS[Quantity], FACT_ORDERS[OrderID], FACT_ORDERS[[#This Row],[OrderID]]) <= 10, 12, 10)) -> 6.6666667 | N63: =(_xlfn.XLOOKUP(D63,DIM_PRODUCTS[ProductID],DIM_PRODUCTS[HandlingFee]))*FACT_ORDERS[[#This Row],[Quantity]] + FACT_ORDERS[[#This Row],[DeliveryFee]] -> 33.083333 | O63: =FACT_ORDERS[[#This Row],[TotalPricePerProduct]]-FACT_ORDERS[[#This Row],[DeliveryCost]]-FACT_ORDERS[[#This Row],[OperationsCost]] -> 9.4166667 | P63: 17
A64: 63 | B64: Zkr6oW | C64: D81PM1 | D64: Z55yx9bDtT1r6mS | E64: 5 | F64: lharraway4t@cpanel.net | G64: 45230 | H64: India | I64: 45230 | J64: =_xlfn.XLOOKUP(B64,ORDERS[OrderID],ORDERS[Rating],"Null") -> 1 | K64: =IF(FACT_ORDERS[[#This Row],[DeliveryDate]]-FACT_ORDERS[[#This Row],[OrderDate]]<=1,1,0) -> 1 | L64: 10.714286 | M64: =(FACT_ORDERS[[#This Row],[Quantity]]/SUMIF(B$1:B$1643,FACT_ORDERS[[#This Row],[OrderID]],E$1:E$1643))*IF(SUMIFS(FACT_ORDERS[Quantity], FACT_ORDERS[OrderID], FACT_ORDERS[[#This Row],[OrderID]]) < 5, 15, IF(SUMIFS(FACT_ORDERS[Quantity], FACT_ORDERS[OrderID], FACT_ORDERS[[#This Row],[OrderID]]) <= 10, 12, 10)) -> 8.5714286 | N64: =(_xlfn.XLOOKUP(D64,DIM_PRODUCTS[ProductID],DIM_PRODUCTS[HandlingFee]))*FACT_ORDERS[[#This Row],[Quantity]] + FACT_ORDERS[[#This Row],[DeliveryFee]] -> 35.464286 | O64: =FACT_ORDERS[[#This Row],[TotalPricePerProduct]]-FACT_ORDERS[[#This Row],[DeliveryCost]]-FACT_ORDERS[[#This Row],[OperationsCost]] -> 16.892857 | P64: 10
A65: 64 | B65: 7zj50295ht | C65: D91QD7 | D65: uhSwItKChMYP1x7 | E65: 11 | F65: dokenny4b@buzzfeed.com | G65: 45153 | H65: Kenya | I65: 45153 | J65: =_xlfn.XLOOKUP(B65,ORDERS[OrderID],ORDERS[Rating],"Null") -> 5 | K65: =IF(FACT_ORDERS[[#This Row],[DeliveryDate]]-FACT_ORDERS[[#This Row],[OrderDate]]<=1,1,0) -> 1 | L65: 15 | M65: =(FACT_ORDERS[[#This Row],[Quantity]]/SUMIF(B$1:B$1643,FACT_ORDERS[[#This Row],[OrderID]],E$1:E$1643))*IF(SUMIFS(FACT_ORDERS[Quantity], FACT_ORDERS[OrderID], FACT_ORDERS[[#This Row],[OrderID]]) < 5, 15, IF(SUMIFS(FACT_ORDERS[Quantity], FACT_ORDERS[OrderID], FACT_ORDERS[[#This Row],[OrderID]]) <= 10, 12, 10)) -> 10 | N65: =(_xlfn.XLOOKUP(D65,DIM_PRODUCTS[ProductID],DIM_PRODUCTS[HandlingFee]))*FACT_ORDERS[[#This Row],[Quantity]] + FACT_ORDERS[[#This Row],[DeliveryFee]] -> 115.1 | O65: =FACT_ORDERS[[#This Row],[TotalPricePerProduct]]-FACT_ORDERS[[#This Row],[DeliveryCost]]-FACT_ORDERS[[#This Row],[OperationsCost]] -> 94.1 | P65: 11
A66: 65 | B66: qf473rna0p | C66: D91QD7 | D66: uhSwItKChMYP1x7 | E66: 11 | F66: cguidotti9p@foxnews.com | G66: 45384 | H66: Kenya | I66: 45384 | J66: =_xlfn.XLOOKUP(B66,ORDERS[OrderID],ORDERS[Rating],"Null") -> 2 | K66: =IF(FACT_ORDERS[[#This Row],[DeliveryDate]]-FACT_ORDERS[[#This Row],[OrderDate]]<=1,1,0) -> 1 | L66: 15 | M66: =(FACT_ORDERS[[#This Row],[Quantity]]/SUMIF(B$1:B$1643,FACT_ORDERS[[#This Row],[OrderID]],E$1:E$1643))*IF(SUMIFS(FACT_ORDERS[Quantity], FACT_ORDERS[OrderID], FACT_ORDERS[[#This Row],[OrderID]]) < 5, 15, IF(SUMIFS(FACT_ORDERS[Quantity], FACT_ORDERS[OrderID], FACT_ORDERS[[#This Row],[OrderID]]) <= 10, 12, 10)) -> 10 | N66: =(_xlfn.XLOOKUP(D66,DIM_PRODUCTS[ProductID],DIM_PRODUCTS[HandlingFee]))*FACT_ORDERS[[#This Row],[Quantity]] + FACT_ORDERS[[#This Row],[DeliveryFee]] -> 115.1 | O66: =FACT_ORDERS[[#This Row],[TotalPricePerProduct]]-FACT_ORDERS[[#This Row],[DeliveryCost]]-FACT_ORDERS[[#This Row],[OperationsCost]] -> 90.1 | P66: 15
A67: 66 | B67: Ix0maj | C67: D94EF2 | D67: fQkHO2p9Z5WHZM6 | E67: 7 | F67: vgregg15@rakuten.co.jp | G67: 45324 | H67: Russia | I67: 45324 | J67: =_xlfn.XLOOKUP(B67,ORDERS[OrderID],ORDERS[Rating],"Null") -> 1 | K67: =IF(FACT_ORDERS[[#This Row],[DeliveryDate]]-FACT_ORDERS[[#This Row],[OrderDate]]<=1,1,0) -> 1 | L67: 15 | M67: =(FACT_ORDERS[[#This Row],[Quantity]]/SUMIF(B$1:B$1643,FACT_ORDERS[[#This Row],[OrderID]],E$1:E$1643))*IF(SUMIFS(FACT_ORDERS[Quantity], FACT_ORDERS[OrderID], FACT_ORDERS[[#This Row],[OrderID]]) < 5, 15, IF(SUMIFS(FACT_ORDERS[Quantity], FACT_ORDERS[OrderID], FACT_ORDERS[[#This Row],[OrderID]]) <= 10, 12, 10)) -> 12 | N67: =(_xlfn.XLOOKUP(D67,DIM_PRODUCTS[ProductID],DIM_PRODUCTS[HandlingFee]))*FACT_ORDERS[[#This Row],[Quantity]] + FACT_ORDERS[[#This Row],[DeliveryFee]] -> 104.25 | O67: =FACT_ORDERS[[#This Row],[TotalPricePerProduct]]-FACT_ORDERS[[#This Row],[DeliveryCost]]-FACT_ORDERS[[#This Row],[OperationsCost]] -> 77.25 | P67: 15
A68: 67 | B68: EFDbkZ | C68: D94EF2 | D68: fQkHO2p9Z5WHZM6 | E68: 3 | F68: ygowansb2@washington.edu | G68: 45462 | H68: Russia | I68: 45462 | J68: =_xlfn.XLOOKUP(B68,ORDERS[OrderID],ORDERS[Rating],"Null") -> 4 | K68: =IF(FACT_ORDERS[[#This Row],[DeliveryDate]]-FACT_ORDERS[[#This Row],[OrderDate]]<=1,1,0) -> 1 | L68: 15 | M68: =(FACT_ORDERS[[#This Row],[Quantity]]/SUMIF(B$1:B$1643,FACT_ORDERS[[#This Row],[OrderID]],E$1:E$1643))*IF(SUMIFS(FACT_ORDERS[Quantity], FACT_ORDERS[OrderID], FACT_ORDERS[[#This Row],[OrderID]]) < 5, 15, IF(SUMIFS(FACT_ORDERS[Quantity], FACT_ORDERS[OrderID], FACT_ORDERS[[#This Row],[OrderID]]) <= 10, 12, 10)) -> 15 | N68: =(_xlfn.XLOOKUP(D68,DIM_PRODUCTS[ProductID],DIM_PRODUCTS[HandlingFee]))*FACT_ORDERS[[#This Row],[Quantity]] + FACT_ORDERS[[#This Row],[DeliveryFee]] -> 53.25 | O68: =FACT_ORDERS[[#This Row],[TotalPricePerProduct]]-FACT_ORDERS[[#This Row],[DeliveryCost]]-FACT_ORDERS[[#This Row],[OperationsCost]] -> 28.25 | P68: 10
A69: 68 | B69: f7rccgz4zd | C69: E31LC9 | D69: iqdN4KxDO6QMv9w | E69: 2 | F69: orugglesa9@freewebs.com | G69: 45284 | H69: Mexico | I69: 45288 | J69: =_xlfn.XLOOKUP(B69,ORDERS[OrderID],ORDERS[Rating],"Null") -> 4 | K69: =IF(FACT_ORDERS[[#This Row],[DeliveryDate]]-FACT_ORDERS[[#This Row],[OrderDate]]<=1,1,0) -> 0 | L69: 15 | M69: =(FACT_ORDERS[[#This Row],[Quantity]]/SUMIF(B$1:B$1643,FACT_ORDERS[[#This Row],[OrderID]],E$1:E$1643))*IF(SUMIFS(FACT_ORDERS[Quantity], FACT_ORDERS[OrderID], FACT_ORDERS[[#This Row],[OrderID]]) < 5, 15, IF(SUMIFS(FACT_ORDERS[Quantity], FACT_ORDERS[OrderID], FACT_ORDERS[[#This Row],[OrderID]]) <= 10, 12, 10)) -> 15 | N69: =(_xlfn.XLOOKUP(D69,DIM_PRODUCTS[ProductID],DIM_PRODUCTS[HandlingFee]))*FACT_ORDERS[[#This Row],[Quantity]] + FACT_ORDERS[[#This Row],[DeliveryFee]] -> 37.194 | O69: =FACT_ORDERS[[#This Row],[TotalPricePerProduct]]-FACT_ORDERS[[#This Row],[DeliveryCost]]-FACT_ORDERS[[#This Row],[OperationsCost]] -> 8.194 | P69: 14
A70: 69 | B70: tqmtaa4c54 | C70: E31LC9 | D70: iqdN4KxDO6QMv9w | E70: 12 | F70: iplevenq@infoseek.co.jp | G70: 45372 | H70: Mexico | I70: 45372 | J70: =_xlfn.XLOOKUP(B70,ORDERS[OrderID],ORDERS[Rating],"Null") -> 5 | K70: =IF(FACT_ORDERS[[#This Row],[DeliveryDate]]-FACT_ORDERS[[#This Row],[OrderDate]]<=1,1,0) -> 1 | L70: 15 | M70: =(FACT_ORDERS[[#This Row],[Quantity]]/SUMIF(B$1:B$1643,FACT_ORDERS[[#This Row],[OrderID]],E$1:E$1643))*IF(SUMIFS(FACT_ORDERS[Quantity], FACT_ORDERS[OrderID], FACT_ORDERS[[#This Row],[OrderID]]) < 5, 15, IF(SUMIFS(FACT_ORDERS[Quantity], FACT_ORDERS[OrderID], FACT_ORDERS[[#This Row],[OrderID]]) <= 10, 12, 10)) -> 10 | N70: =(_xlfn.XLOOKUP(D70,DIM_PRODUCTS[ProductID],DIM_PRODUCTS[HandlingFee]))*FACT_ORDERS[[#This Row],[Quantity]] + FACT_ORDERS[[#This Row],[DeliveryFee]] -> 148.164 | O70: =FACT_ORDERS[[#This Row],[TotalPricePerProduct]]-FACT_ORDERS[[#This Row],[DeliveryCost]]-FACT_ORDERS[[#This Row],[OperationsCost]] -> 128.164 | P70: 10
... A75: 74 | B75: JFLdnH | C75: E50BM6 | D75: eT6P1mf9QfxJrux | E75: 10 | F75: jcoates1k@blog.com | G75: 45283 | H75: Belize | I75: 45286 | J75: =_xlfn.XLOOKUP(B75,ORDERS[OrderID],ORDERS[Rating],"Null") -> 3 | K75: =IF(FACT_ORDERS[[#This Row],[DeliveryDate]]-FACT_ORDERS[[#This Row],[OrderDate]]<=1,1,0) -> 0 | L75: 15 | M75: =(FACT_ORDERS[[#This Row],[Quantity]]/SUMIF(B$1:B$1643,FACT_ORDERS[[#This Row],[OrderID]],E$1:E$1643))*IF(SUMIFS(FACT_ORDERS[Quantity], FACT_ORDERS[OrderID], FACT_ORDERS[[#This Row],[OrderID]]) < 5, 15, IF(SUMIFS(FACT_ORDERS[Quantity], FACT_ORDERS[OrderID], FACT_ORDERS[[#This Row],[OrderID]]) <= 10, 12, 10)) -> 12 | N75: =(_xlfn.XLOOKUP(D75,DIM_PRODUCTS[ProductID],DIM_PRODUCTS[HandlingFee]))*FACT_ORDERS[[#This Row],[Quantity]] + FACT_ORDERS[[#This Row],[DeliveryFee]] -> 112.5 | O75: =FACT_ORDERS[[#This Row],[TotalPricePerProduct]]-FACT_ORDERS[[#This Row],[DeliveryCost]]-FACT_ORDERS[[#This Row],[OperationsCost]] -> 82.5 | P75: 18
A76: 75 | B76: 28720 | C76: F14ML6 | D76: HI6clIySqkY0fUM | E76: 9 | F76: lclerc4e@illinois.edu | G76: 45158 | H76: India | I76: 45158 | J76: =_xlfn.XLOOKUP(B76,ORDERS[OrderID],ORDERS[Rating],"Null") -> 5 | K76: =IF(FACT_ORDERS[[#This Row],[DeliveryDate]]-FACT_ORDERS[[#This Row],[OrderDate]]<=1,1,0) -> 1 | L76: 15 | M76: =(FACT_ORDERS[[#This Row],[Quantity]]/SUMIF(B$1:B$1643,FACT_ORDERS[[#This Row],[OrderID]],E$1:E$1643))*IF(SUMIFS(FACT_ORDERS[Quantity], FACT_ORDERS[OrderID], FACT_ORDERS[[#This Row],[OrderID]]) < 5, 15, IF(SUMIFS(FACT_ORDERS[Quantity], FACT_ORDERS[OrderID], FACT_ORDERS[[#This Row],[OrderID]]) <= 10, 12, 10)) -> 12 | N76: =(_xlfn.XLOOKUP(D76,DIM_PRODUCTS[ProductID],DIM_PRODUCTS[HandlingFee]))*FACT_ORDERS[[#This Row],[Quantity]] + FACT_ORDERS[[#This Row],[DeliveryFee]] -> 96.621 | O76: =FACT_ORDERS[[#This Row],[TotalPricePerProduct]]-FACT_ORDERS[[#This Row],[DeliveryCost]]-FACT_ORDERS[[#This Row],[OperationsCost]] -> 70.621 | P76: 14
A77: 76 | B77: lSXA3F | C77: F21BS8 | D77: uQ4vYNmljbIkmj7 | E77: 3 | F77: gbichenoas@disqus.com | G77: 45238 | H77: Bolivia | I77: 45241 | J77: =_xlfn.XLOOKUP(B77,ORDERS[OrderID],ORDERS[Rating],"Null") -> 1 | K77: =IF(FACT_ORDERS[[#This Row],[DeliveryDate]]-FACT_ORDERS[[#This Row],[OrderDate]]<=1,1,0) -> 0 | L77: 4.0909091 | M77: =(FACT_ORDERS[[#This Row],[Quantity]]/SUMIF(B$1:B$1643,FACT_ORDERS[[#This Row],[OrderID]],E$1:E$1643))*IF(SUMIFS(FACT_ORDERS[Quantity], FACT_ORDERS[OrderID], FACT_ORDERS[[#This Row],[OrderID]]) < 5, 15, IF(SUMIFS(FACT_ORDERS[Quantity], FACT_ORDERS[OrderID], FACT_ORDERS[[#This Row],[OrderID]]) <= 10, 12, 10)) -> 2.7272727 | N77: =(_xlfn.XLOOKUP(D77,DIM_PRODUCTS[ProductID],DIM_PRODUCTS[HandlingFee]))*FACT_ORDERS[[#This Row],[Quantity]] + FACT_ORDERS[[#This Row],[DeliveryFee]] -> 20.140909 | O77: =FACT_ORDERS[[#This Row],[TotalPricePerProduct]]-FACT_ORDERS[[#This Row],[DeliveryCost]]-FACT_ORDERS[[#This Row],[OperationsCost]] -> 1.4136364 | P77: 16
A78: 77 | B78: CNOf41 | C78: F21BS8 | D78: uQ4vYNmljbIkmj7 | E78: 6 | F78: fkeary86@yale.edu | G78: 45224 | H78: Bolivia | I78: 45224 | J78: =_xlfn.XLOOKUP(B78,ORDERS[OrderID],ORDERS[Rating],"Null") -> 5 | K78: =IF(FACT_ORDERS[[#This Row],[DeliveryDate]]-FACT_ORDERS[[#This Row],[OrderDate]]<=1,1,0) -> 1 | L78: 10 | M78: =(FACT_ORDERS[[#This Row],[Quantity]]/SUMIF(B$1:B$1643,FACT_ORDERS[[#This Row],[OrderID]],E$1:E$1643))*IF(SUMIFS(FACT_ORDERS[Quantity], FACT_ORDERS[OrderID], FACT_ORDERS[[#This Row],[OrderID]]) < 5, 15, IF(SUMIFS(FACT_ORDERS[Quantity], FACT_ORDERS[OrderID], FACT_ORDERS[[#This Row],[OrderID]]) <= 10, 12, 10)) -> 8 | N78: =(_xlfn.XLOOKUP(D78,DIM_PRODUCTS[ProductID],DIM_PRODUCTS[HandlingFee]))*FACT_ORDERS[[#This Row],[Quantity]] + FACT_ORDERS[[#This Row],[DeliveryFee]] -> 42.1 | O78: =FACT_ORDERS[[#This Row],[TotalPricePerProduct]]-FACT_ORDERS[[#This Row],[DeliveryCost]]-FACT_ORDERS[[#This Row],[OperationsCost]] -> 17.1 | P78: 17
A79: 78 | B79: O1MgSH | C79: F21BS8 | D79: uQ4vYNmljbIkmj7 | E79: 6 | F79: cperigeaux9l@list-manage.com | G79: 45200 | H79: Bolivia | I79: 45201 | J79: =_xlfn.XLOOKUP(B79,ORDERS[OrderID],ORDERS[Rating],"Null") -> 2 | K79: =IF(FACT_ORDERS[[#This Row],[DeliveryDate]]-FACT_ORDERS[[#This Row],[OrderDate]]<=1,1,0) -> 1 | L79: 12.857143 | M79: =(FACT_ORDERS[[#This Row],[Quantity]]/SUMIF(B$1:B$1643,FACT_ORDERS[[#This Row],[OrderID]],E$1:E$1643))*IF(SUMIFS(FACT_ORDERS[Quantity], FACT_ORDERS[OrderID], FACT_ORDERS[[#This Row],[OrderID]]) < 5, 15, IF(SUMIFS(FACT_ORDERS[Quantity], FACT_ORDERS[OrderID], FACT_ORDERS[[#This Row],[OrderID]]) <= 10, 12, 10)) -> 10.285714 | N79: =(_xlfn.XLOOKUP(D79,DIM_PRODUCTS[ProductID],DIM_PRODUCTS[HandlingFee]))*FACT_ORDERS[[#This Row],[Quantity]] + FACT_ORDERS[[#This Row],[DeliveryFee]] -> 44.957143 | O79: =FACT_ORDERS[[#This Row],[TotalPricePerProduct]]-FACT_ORDERS[[#This Row],[DeliveryCost]]-FACT_ORDERS[[#This Row],[OperationsCost]] -> 15.671429 | P79: 19
A80: 79 | B80: 7BYODR | C80: F21BS8 | D80: uQ4vYNmljbIkmj7 | E80: 5 | F80: mohalligan68@mozilla.com | G80: 45300 | H80: Bolivia | I80: 45303 | J80: =_xlfn.XLOOKUP(B80,ORDERS[OrderID],ORDERS[Rating],"Null") -> 5 | K80: =IF(FACT_ORDERS[[#This Row],[DeliveryDate]]-FACT_ORDERS[[#This Row],[OrderDate]]<=1,1,0) -> 0 | L80: 10.714286 | M80: =(FACT_ORDERS[[#This Row],[Quantity]]/SUMIF(B$1:B$1643,FACT_ORDERS[[#This Row],[OrderID]],E$1:E$1643))*IF(SUMIFS(FACT_ORDERS[Quantity], FACT_ORDERS[OrderID], FACT_ORDERS[[#This Row],[OrderID]]) < 5, 15, IF(SUMIFS(FACT_ORDERS[Quantity], FACT_ORDERS[OrderID], FACT_ORDERS[[#This Row],[OrderID]]) <= 10, 12, 10)) -> 8.5714286 | N80: =(_xlfn.XLOOKUP(D80,DIM_PRODUCTS[ProductID],DIM_PRODUCTS[HandlingFee]))*FACT_ORDERS[[#This Row],[Quantity]] + FACT_ORDERS[[#This Row],[DeliveryFee]] -> 37.464286 | O80: =FACT_ORDERS[[#This Row],[TotalPricePerProduct]]-FACT_ORDERS[[#This Row],[DeliveryCost]]-FACT_ORDERS[[#This Row],[OperationsCost]] -> 10.892857 | P80: 18
A81: 80 | B81: 5EGRR8UD6KV | C81: F24PK2 | D81: R1lNGtqRdtLfwCL | E81: 6 | F81: londrousekd0@sogou.com | G81: 45176 | H81: United Kingdom | I81: 45176 | J81: =_xlfn.XLOOKUP(B81,ORDERS[OrderID],ORDERS[Rating],"Null") -> 5 | K81: =IF(FACT_ORDERS[[#This Row],[DeliveryDate]]-FACT_ORDERS[[#This Row],[OrderDate]]<=1,1,0) -> 1 | L81: 15 | M81: =(FACT_ORDERS[[#This Row],[Quantity]]/SUMIF(B$1:B$1643,FACT_ORDERS[[#This Row],[OrderID]],E$1:E$1643))*IF(SUMIFS(FACT_ORDERS[Quantity], FACT_ORDERS[OrderID], FACT_ORDERS[[#This Row],[OrderID]]) < 5, 15, IF(SUMIFS(FACT_ORDERS[Quantity], FACT_ORDERS[OrderID], FACT_ORDERS[[#This Row],[OrderID]]) <= 10, 12, 10)) -> 12 | N81: =(_xlfn.XLOOKUP(D81,DIM_PRODUCTS[ProductID],DIM_PRODUCTS[HandlingFee]))*FACT_ORDERS[[#This Row],[Quantity]] + FACT_ORDERS[[#This Row],[DeliveryFee]] -> 47.1 | O81: =FACT_ORDERS[[#This Row],[TotalPricePerProduct]]-FACT_ORDERS[[#This Row],[DeliveryCost]]-FACT_ORDERS[[#This Row],[OperationsCost]] -> 27.1 | P81: 8
A82: 81 | B82: 333XYVGO5L6 | C82: F24PK2 | D82: R1lNGtqRdtLfwCL | E82: 3 | F82: dovid8k@mapy.cz | G82: 45249 | H82: United Kingdom | I82: 45249 | J82: =_xlfn.XLOOKUP(B82,ORDERS[OrderID],ORDERS[Rating],"Null") -> 5 | K82: =IF(FACT_ORDERS[[#This Row],[DeliveryDate]]-FACT_ORDERS[[#This Row],[OrderDate]]<=1,1,0) -> 1 | L82: 15 | M82: =(FACT_ORDERS[[#This Row],[Quantity]]/SUMIF(B$1:B$1643,FACT_ORDERS[[#This Row],[OrderID]],E$1:E$1643))*IF(SUMIFS(FACT_ORDERS[Quantity], FACT_ORDERS[OrderID], FACT_ORDERS[[#This Row],[OrderID]]) < 5, 15, IF(SUMIFS(FACT_ORDERS[Quantity], FACT_ORDERS[OrderID], FACT_ORDERS[[#This Row],[OrderID]]) <= 10, 12, 10)) -> 15 | N82: =(_xlfn.XLOOKUP(D82,DIM_PRODUCTS[ProductID],DIM_PRODUCTS[HandlingFee]))*FACT_ORDERS[[#This Row],[Quantity]] + FACT_ORDERS[[#This Row],[DeliveryFee]] -> 31.05 | O82: =FACT_ORDERS[[#This Row],[TotalPricePerProduct]]-FACT_ORDERS[[#This Row],[DeliveryCost]]-FACT_ORDERS[[#This Row],[OperationsCost]] -> 10.05 | P82: 6
A83: 82 | B83: 3T9ZR4NU9SZ | C83: F24PK2 | D83: R1lNGtqRdtLfwCL | E83: 11 | F83: cbrockettc7@harvard.edu | G83: 45198 | H83: United Kingdom | I83: 45198 | J83: =_xlfn.XLOOKUP(B83,ORDERS[OrderID],ORDERS[Rating],"Null") -> 5 | K83: =IF(FACT_ORDERS[[#This Row],[DeliveryDate]]-FACT_ORDERS[[#This Row],[OrderDate]]<=1,1,0) -> 1 | L83: 15 | M83: =(FACT_ORDERS[[#This Row],[Quantity]]/SUMIF(B$1:B$1643,FACT_ORDERS[[#This Row],[OrderID]],E$1:E$1643))*IF(SUMIFS(FACT_ORDERS[Quantity], FACT_ORDERS[OrderID], FACT_ORDERS[[#This Row],[OrderID]]) < 5, 15, IF(SUMIFS(FACT_ORDERS[Quantity], FACT_ORDERS[OrderID], FACT_ORDERS[[#This Row],[OrderID]]) <= 10, 12, 10)) -> 10 | N83: =(_xlfn.XLOOKUP(D83,DIM_PRODUCTS[ProductID],DIM_PRODUCTS[HandlingFee]))*FACT_ORDERS[[#This Row],[Quantity]] + FACT_ORDERS[[#This Row],[DeliveryFee]] -> 73.85 | O83: =FACT_ORDERS[[#This Row],[TotalPricePerProduct]]-FACT_ORDERS[[#This Row],[DeliveryCost]]-FACT_ORDERS[[#This Row],[OperationsCost]] -> 44.85 | P83: 19
A84: 83 | B84: CRAFLLFA8GM | C84: F24PK2 | D84: R1lNGtqRdtLfwCL | E84: 7 | F84: jcloney6u@pbs.org | G84: 45375 | H84: United Kingdom | I84: 45375 | J84: =_xlfn.XLOOKUP(B84,ORDERS[OrderID],ORDERS[Rating],"Null") -> 5 | K84: =IF(FACT_ORDERS[[#This Row],[DeliveryDate]]-FACT_ORDERS[[#This Row],[OrderDate]]<=1,1,0) -> 1 | L84: 15 | M84: =(FACT_ORDERS[[#This Row],[Quantity]]/SUMIF(B$1:B$1643,FACT_ORDERS[[#This Row],[OrderID]],E$1:E$1643))*IF(SUMIFS(FACT_ORDERS[Quantity], FACT_ORDERS[OrderID], FACT_ORDERS[[#This Row],[OrderID]]) < 5, 15, IF(SUMIFS(FACT_ORDERS[Quantity], FACT_ORDERS[OrderID], FACT_ORDERS[[#This Row],[OrderID]]) <= 10, 12, 10)) -> 12 | N84: =(_xlfn.XLOOKUP(D84,DIM_PRODUCTS[ProductID],DIM_PRODUCTS[HandlingFee]))*FACT_ORDERS[[#This Row],[Quantity]] + FACT_ORDERS[[#This Row],[DeliveryFee]] -> 52.45 | O84: =FACT_ORDERS[[#This Row],[TotalPricePerProduct]]-FACT_ORDERS[[#This Row],[DeliveryCost]]-FACT_ORDERS[[#This Row],[OperationsCost]] -> 22.45 | P84: 18
A85: 84 | B85: 7FKE3Y8VDCY | C85: F24PK2 | D85: R1lNGtqRdtLfwCL | E85: 10 | F85: morpyne5o@archive.org | G85: 45399 | H85: United Kingdom | I85: 45399 | J85: =_xlfn.XLOOKUP(B85,ORDERS[OrderID],ORDERS[Rating],"Null") -> 5 | K85: =IF(FACT_ORDERS[[#This Row],[DeliveryDate]]-FACT_ORDERS[[#This Row],[OrderDate]]<=1,1,0) -> 1 | L85: 15 | M85: =(FACT_ORDERS[[#This Row],[Quantity]]/SUMIF(B$1:B$1643,FACT_ORDERS[[#This Row],[OrderID]],E$1:E$1643))*IF(SUMIFS(FACT_ORDERS[Quantity], FACT_ORDERS[OrderID], FACT_ORDERS[[#This Row],[OrderID]]) < 5, 15, IF(SUMIFS(FACT_ORDERS[Quantity], FACT_ORDERS[OrderID], FACT_ORDERS[[#This Row],[OrderID]]) <= 10, 12, 10)) -> 12 | N85: =(_xlfn.XLOOKUP(D85,DIM_PRODUCTS[ProductID],DIM_PRODUCTS[HandlingFee]))*FACT_ORDERS[[#This Row],[Quantity]] + FACT_ORDERS[[#This Row],[DeliveryFee]] -> 68.5 | O85: =FACT_ORDERS[[#This Row],[TotalPricePerProduct]]-FACT_ORDERS[[#This Row],[DeliveryCost]]-FACT_ORDERS[[#This Row],[OperationsCost]] -> 37.5 | P85: 19
A86: 85 | B86: MmpAKU | C86: F28VW1 | D86: oVRPp2m91xJuzR8 | E86: 2 | F86: scohnac@sohu.com | G86: 45335 | H86: Egypt | I86: 45335 | J86: =_xlfn.XLOOKUP(B86,ORDERS[OrderID],ORDERS[Rating],"Null") -> 3 | K86: =IF(FACT_ORDERS[[#This Row],[DeliveryDate]]-FACT_ORDERS[[#This Row],[OrderDate]]<=1,1,0) -> 1 | L86: 15 | M86: =(FACT_ORDERS[[#This Row],[Quantity]]/SUMIF(B$1:B$1643,FACT_ORDERS[[#This Row],[OrderID]],E$1:E$1643))*IF(SUMIFS(FACT_ORDERS[Quantity], FACT_ORDERS[OrderID], FACT_ORDERS[[#This Row],[OrderID]]) < 5, 15, IF(SUMIFS(FACT_ORDERS[Quantity], FACT_ORDERS[OrderID], FACT_ORDERS[[#This Row],[OrderID]]) <= 10, 12, 10)) -> 15 | N86: =(_xlfn.XLOOKUP(D86,DIM_PRODUCTS[ProductID],DIM_PRODUCTS[HandlingFee]))*FACT_ORDERS[[#This Row],[Quantity]] + FACT_ORDERS[[#This Row],[DeliveryFee]] -> 39.1 | O86: =FACT_ORDERS[[#This Row],[TotalPricePerProduct]]-FACT_ORDERS[[#This Row],[DeliveryCost]]-FACT_ORDERS[[#This Row],[OperationsCost]] -> 17.1 | P86: 7
A87: 86 | B87: b83usdbrpo | C87: F32XJ7 | D87: GZXr4I3tzeKJC13 | E87: 8 | F87: smulheron9f@dot.gov | G87: 45331 | H87: India | I87: 45335 | J87: =_xlfn.XLOOKUP(B87,ORDERS[OrderID],ORDERS[Rating],"Null") -> 4 | K87: =IF(FACT_ORDERS[[#This Row],[DeliveryDate]]-FACT_ORDERS[[#This Row],[OrderDate]]<=1,1,0) -> 0 | L87: 15 | M87: =(FACT_ORDERS[[#This Row],[Quantity]]/SUMIF(B$1:B$1643,FACT_ORDERS[[#This Row],[OrderID]],E$1:E$1643))*IF(SUMIFS(FACT_ORDERS[Quantity], FACT_ORDERS[OrderID], FACT_ORDERS[[#This Row],[OrderID]]) < 5, 15, IF(SUMIFS(FACT_ORDERS[Quantity], FACT_ORDERS[OrderID], FACT_ORDERS[[#This Row],[OrderID]]) <= 10, 12, 10)) -> 12 | N87: =(_xlfn.XLOOKUP(D87,DIM_PRODUCTS[ProductID],DIM_PRODUCTS[HandlingFee]))*FACT_ORDERS[[#This Row],[Quantity]] + FACT_ORDERS[[#This Row],[DeliveryFee]] -> 123.8 | O87: =FACT_ORDERS[[#This Row],[TotalPricePerProduct]]-FACT_ORDERS[[#This Row],[DeliveryCost]]-FACT_ORDERS[[#This Row],[OperationsCost]] -> 92.8 | P87: 19
A88: 87 | B88: olmdahbyl9 | C88: F52AW5 | D88: JfIixiuVfFBCiXd | E88: 8 | F88: smelonbyaq@yale.edu | G88: 45417 | H88: Australia | I88: 45421 | J88: =_xlfn.XLOOKUP(B88,ORDERS[OrderID],ORDERS[Rating],"Null") -> 1 | K88: =IF(FACT_ORDERS[[#This Row],[DeliveryDate]]-FACT_ORDERS[[#This Row],[OrderDate]]<=1,1,0) -> 0 | L88: 15 | M88: =(FACT_ORDERS[[#This Row],[Quantity]]/SUMIF(B$1:B$1643,FACT_ORDERS[[#This Row],[OrderID]],E$1:E$1643))*IF(SUMIFS(FACT_ORDERS[Quantity], FACT_ORDERS[OrderID], FACT_ORDERS[[#This Row],[OrderID]]) < 5, 15, IF(SUMIFS(FACT_ORDERS[Quantity], FACT_ORDERS[OrderID], FACT_ORDERS[[#This Row],[OrderID]]) <= 10, 12, 10)) -> 12 | N88: =(_xlfn.XLOOKUP(D88,DIM_PRODUCTS[ProductID],DIM_PRODUCTS[HandlingFee]))*FACT_ORDERS[[#This Row],[Quantity]] + FACT_ORDERS[[#This Row],[DeliveryFee]] -> 96.38 | O88: =FACT_ORDERS[[#This Row],[TotalPricePerProduct]]-FACT_ORDERS[[#This Row],[DeliveryCost]]-FACT_ORDERS[[#This Row],[OperationsCost]] -> 67.38 | P88: 17
A89: 88 | B89: 97067 | C89: F58AP3 | D89: JrVxAnsxMIYMX9q | E89: 12 | F89: ebrunicke67@delicious.com | G89: 45484 | H89: United Kingdom | I89: 45484 | J89: =_xlfn.XLOOKUP(B89,ORDERS[OrderID],ORDERS[Rating],"Null") -> 4 | K89: =IF(FACT_ORDERS[[#This Row],[DeliveryDate]]-FACT_ORDERS[[#This Row],[OrderDate]]<=1,1,0) -> 1 | L89: 15 | M89: =(FACT_ORDERS[[#This Row],[Quantity]]/SUMIF(B$1:B$1643,FACT_ORDERS[[#This Row],[OrderID]],E$1:E$1643))*IF(SUMIFS(FACT_ORDERS[Quantity], FACT_ORDERS[OrderID], FACT_ORDERS[[#This Row],[OrderID]]) < 5, 15, IF(SUMIFS(FACT_ORDERS[Quantity], FACT_ORDERS[OrderID], FACT_ORDERS[[#This Row],[OrderID]]) <= 10, 12, 10)) -> 10 | N89: =(_xlfn.XLOOKUP(D89,DIM_PRODUCTS[ProductID],DIM_PRODUCTS[HandlingFee]))*FACT_ORDERS[[#This Row],[Quantity]] + FACT_ORDERS[[#This Row],[DeliveryFee]] -> 182.328 | O89: =FACT_ORDERS[[#This Row],[TotalPricePerProduct]]-FACT_ORDERS[[#This Row],[DeliveryCost]]-FACT_ORDERS[[#This Row],[OperationsCost]] -> 161.328 | P89: 11
A90: 89 | B90: 88595 | C90: F58AP3 | D90: JrVxAnsxMIYMX9q | E90: 10 | F90: vgregg15@rakuten.co.jp | G90: 45308 | H90: United Kingdom | I90: 45308 | J90: =_xlfn.XLOOKUP(B90,ORDERS[OrderID],ORDERS[Rating],"Null") -> 4 | K90: =IF(FACT_ORDERS[[#This Row],[DeliveryDate]]-FACT_ORDERS[[#This Row],[OrderDate]]<=1,1,0) -> 1 | L90: 15 | M90: =(FACT_ORDERS[[#This Row],[Quantity]]/SUMIF(B$1:B$1643,FACT_ORDERS[[#This Row],[OrderID]],E$1:E$1643))*IF(SUMIFS(FACT_ORDERS[Quantity], FACT_ORDERS[OrderID], FACT_ORDERS[[#This Row],[OrderID]]) < 5, 15, IF(SUMIFS(FACT_ORDERS[Quantity], FACT_ORDERS[OrderID], FACT_ORDERS[[#This Row],[OrderID]]) <= 10, 12, 10)) -> 12 | N90: =(_xlfn.XLOOKUP(D90,DIM_PRODUCTS[ProductID],DIM_PRODUCTS[HandlingFee]))*FACT_ORDERS[[#This Row],[Quantity]] + FACT_ORDERS[[#This Row],[DeliveryFee]] -> 154.44 | O90: =FACT_ORDERS[[#This Row],[TotalPricePerProduct]]-FACT_ORDERS[[#This Row],[DeliveryCost]]-FACT_ORDERS[[#This Row],[OperationsCost]] -> 124.44 | P90: 18
A91: 90 | B91: 78049 | C91: F58AP3 | D91: JrVxAnsxMIYMX9q | E91: 5 | F91: shugli1n@mlb.com | G91: 45153 | H91: United Kingdom | I91: 45153 | J91: =_xlfn.XLOOKUP(B91,ORDERS[OrderID],ORDERS[Rating],"Null") -> 5 | K91: =IF(FACT_ORDERS[[#This Row],[DeliveryDate]]-FACT_ORDERS[[#This Row],[OrderDate]]<=1,1,0) -> 1 | L91: 15 | M91: =(FACT_ORDERS[[#This Row],[Quantity]]/SUMIF(B$1:B$1643,FACT_ORDERS[[#This Row],[OrderID]],E$1:E$1643))*IF(SUMIFS(FACT_ORDERS[Quantity], FACT_ORDERS[OrderID], FACT_ORDERS[[#This Row],[OrderID]]) < 5, 15, IF(SUMIFS(FACT_ORDERS[Quantity], FACT_ORDERS[OrderID], FACT_ORDERS[[#This Row],[OrderID]]) <= 10, 12, 10)) -> 12 | N91: =(_xlfn.XLOOKUP(D91,DIM_PRODUCTS[ProductID],DIM_PRODUCTS[HandlingFee]))*FACT_ORDERS[[#This Row],[Quantity]] + FACT_ORDERS[[#This Row],[DeliveryFee]] -> 84.72 | O91: =FACT_ORDERS[[#This Row],[TotalPricePerProduct]]-FACT_ORDERS[[#This Row],[DeliveryCost]]-FACT_ORDERS[[#This Row],[OperationsCost]] -> 58.72 | P91: 14
A92: 91 | B92: 40665 | C92: F58AP3 | D92: JrVxAnsxMIYMX9q | E92: 9 | F92: bglitherowc@ovh.net | G92: 45374 | H92: United Kingdom | I92: 45374 | J92: =_xlfn.XLOOKUP(B92,ORDERS[OrderID],ORDERS[Rating],"Null") -> 4 | K92: =IF(FACT_ORDERS[[#This Row],[DeliveryDate]]-FACT_ORDERS[[#This Row],[OrderDate]]<=1,1,0) -> 1 | L92: 15 | M92: =(FACT_ORDERS[[#This Row],[Quantity]]/SUMIF(B$1:B$1643,FACT_ORDERS[[#This Row],[OrderID]],E$1:E$1643))*IF(SUMIFS(FACT_ORDERS[Quantity], FACT_ORDERS[OrderID], FACT_ORDERS[[#This Row],[OrderID]]) < 5, 15, IF(SUMIFS(FACT_ORDERS[Quantity], FACT_ORDERS[OrderID], FACT_ORDERS[[#This Row],[OrderID]]) <= 10, 12, 10)) -> 12 | N92: =(_xlfn.XLOOKUP(D92,DIM_PRODUCTS[ProductID],DIM_PRODUCTS[HandlingFee]))*FACT_ORDERS[[#This Row],[Quantity]] + FACT_ORDERS[[#This Row],[DeliveryFee]] -> 140.496 | O92: =FACT_ORDERS[[#This Row],[TotalPricePerProduct]]-FACT_ORDERS[[#This Row],[DeliveryCost]]-FACT_ORDERS[[#This Row],[OperationsCost]] -> 115.496 | P92: 13
A93: 92 | B93: 57915 | C93: F58AP3 | D93: JrVxAnsxMIYMX9q | E93: 10 | F93: edecoursey39@cdbaby.com | G93: 45366 | H93: United Kingdom | I93: 45366 | J93: =_xlfn.XLOOKUP(B93,ORDERS[OrderID],ORDERS[Rating],"Null") -> 5 | K93: =IF(FACT_ORDERS[[#This Row],[DeliveryDate]]-FACT_ORDERS[[#This Row],[OrderDate]]<=1,1,0) -> 1 | L93: 15 | M93: =(FACT_ORDERS[[#This Row],[Quantity]]/SUMIF(B$1:B$1643,FACT_ORDERS[[#This Row],[OrderID]],E$1:E$1643))*IF(SUMIFS(FACT_ORDERS[Quantity], FACT_ORDERS[OrderID], FACT_ORDERS[[#This Row],[OrderID]]) < 5, 15, IF(SUMIFS(FACT_ORDERS[Quantity], FACT_ORDERS[OrderID], FACT_ORDERS[[#This Row],[OrderID]]) <= 10, 12, 10)) -> 12 | N93: =(_xlfn.XLOOKUP(D93,DIM_PRODUCTS[ProductID],DIM_PRODUCTS[HandlingFee]))*FACT_ORDERS[[#This Row],[Quantity]] + FACT_ORDERS[[#This Row],[DeliveryFee]] -> 154.44 | O93: =FACT_ORDERS[[#This Row],[TotalPricePerProduct]]-FACT_ORDERS[[#This Row],[DeliveryCost]]-FACT_ORDERS[[#This Row],[OperationsCost]] -> 131.44 | P93: 11
A94: 93 | B94: 66185 | C94: F58AP3 | D94: JrVxAnsxMIYMX9q | E94: 3 | F94: mlennarde2x@sun.com | G94: 45336 | H94: United Kingdom | I94: 45336 | J94: =_xlfn.XLOOKUP(B94,ORDERS[OrderID],ORDERS[Rating],"Null") -> 5 | K94: =IF(FACT_ORDERS[[#This Row],[DeliveryDate]]-FACT_ORDERS[[#This Row],[OrderDate]]<=1,1,0) -> 1 | L94: 15 | M94: =(FACT_ORDERS[[#This Row],[Quantity]]/SUMIF(B$1:B$1643,FACT_ORDERS[[#This Row],[OrderID]],E$1:E$1643))*IF(SUMIFS(FACT_ORDERS[Quantity], FACT_ORDERS[OrderID], FACT_ORDERS[[#This Row],[OrderID]]) < 5, 15, IF(SUMIFS(FACT_ORDERS[Quantity], FACT_ORDERS[OrderID], FACT_ORDERS[[#This Row],[OrderID]]) <= 10, 12, 10)) -> 15 | N94: =(_xlfn.XLOOKUP(D94,DIM_PRODUCTS[ProductID],DIM_PRODUCTS[HandlingFee]))*FACT_ORDERS[[#This Row],[Quantity]] + FACT_ORDERS[[#This Row],[DeliveryFee]] -> 56.832 | O94: =FACT_ORDERS[[#This Row],[TotalPricePerProduct]]-FACT_ORDERS[[#This Row],[DeliveryCost]]-FACT_ORDERS[[#This Row],[OperationsCost]] -> 31.832 | P94: 10
A95: 94 | B95: 56975 | C95: F58AP3 | D95: JrVxAnsxMIYMX9q | E95: 6 | F95: erhoades33@yahoo.com | G95: 45392 | H95: United Kingdom | I95: 45392 | J95: =_xlfn.XLOOKUP(B95,ORDERS[OrderID],ORDERS[Rating],"Null") -> 5 | K95: =IF(FACT_ORDERS[[#This Row],[DeliveryDate]]-FACT_ORDERS[[#This Row],[OrderDate]]<=1,1,0) -> 1 | L95: 15 | M95: =(FACT_ORDERS[[#This Row],[Quantity]]/SUMIF(B$1:B$1643,FACT_ORDERS[[#This Row],[OrderID]],E$1:E$1643))*IF(SUMIFS(FACT_ORDERS[Quantity], FACT_ORDERS[OrderID], FACT_ORDERS[[#This Row],[OrderID]]) < 5, 15, IF(SUMIFS(FACT_ORDERS[Quantity], FACT_ORDERS[OrderID], FACT_ORDERS[[#This Row],[OrderID]]) <= 10, 12, 10)) -> 12 | N95: =(_xlfn.XLOOKUP(D95,DIM_PRODUCTS[ProductID],DIM_PRODUCTS[HandlingFee]))*FACT_ORDERS[[#This Row],[Quantity]] + FACT_ORDERS[[#This Row],[DeliveryFee]] -> 98.664 | O95: =FACT_ORDERS[[#This Row],[TotalPricePerProduct]]-FACT_ORDERS[[#This Row],[DeliveryCost]]-FACT_ORDERS[[#This Row],[OperationsCost]] -> 70.664 | P95: 16
A96: 95 | B96: 14133 | C96: F58AP3 | D96: JrVxAnsxMIYMX9q | E96: 3 | F96: jcowiee@foxnews.com | G96: 45330 | H96: United Kingdom | I96: 45330 | J96: =_xlfn.XLOOKUP(B96,ORDERS[OrderID],ORDERS[Rating],"Null") -> 4 | K96: =IF(FACT_ORDERS[[#This Row],[DeliveryDate]]-FACT_ORDERS[[#This Row],[OrderDate]]<=1,1,0) -> 1 | L96: 15 | M96: =(FACT_ORDERS[[#This Row],[Quantity]]/SUMIF(B$1:B$1643,FACT_ORDERS[[#This Row],[OrderID]],E$1:E$1643))*IF(SUMIFS(FACT_ORDERS[Quantity], FACT_ORDERS[OrderID], FACT_ORDERS[[#This Row],[OrderID]]) < 5, 15, IF(SUMIFS(FACT_ORDERS[Quantity], FACT_ORDERS[OrderID], FACT_ORDERS[[#This Row],[OrderID]]) <= 10, 12, 10)) -> 15 | N96: =(_xlfn.XLOOKUP(D96,DIM_PRODUCTS[ProductID],DIM_PRODUCTS[HandlingFee]))*FACT_ORDERS[[#This Row],[Quantity]] + FACT_ORDERS[[#This Row],[DeliveryFee]] -> 56.832 | O96: =FACT_ORDERS[[#This Row],[TotalPricePerProduct]]-FACT_ORDERS[[#This Row],[DeliveryCost]]-FACT_ORDERS[[#This Row],[OperationsCost]] -> 34.832 | P96: 7
A97: 96 | B97: 40462 | C97: F58AP3 | D97: JrVxAnsxMIYMX9q | E97: 7 | F97: fjoinsey1h@flavors.me | G97: 45360 | H97: United Kingdom | I97: 45360 | J97: =_xlfn.XLOOKUP(B97,ORDERS[OrderID],ORDERS[Rating],"Null") -> 4 | K97: =IF(FACT_ORDERS[[#This Row],[DeliveryDate]]-FACT_ORDERS[[#This Row],[OrderDate]]<=1,1,0) -> 1 | L97: 15 | M97: =(FACT_ORDERS[[#This Row],[Quantity]]/SUMIF(B$1:B$1643,FACT_ORDERS[[#This Row],[OrderID]],E$1:E$1643))*IF(SUMIFS(FACT_ORDERS[Quantity], FACT_ORDERS[OrderID], FACT_ORDERS[[#This Row],[OrderID]]) < 5, 15, IF(SUMIFS(FACT_ORDERS[Quantity], FACT_ORDERS[OrderID], FACT_ORDERS[[#This Row],[OrderID]]) <= 10, 12, 10)) -> 12 | N97: =(_xlfn.XLOOKUP(D97,DIM_PRODUCTS[ProductID],DIM_PRODUCTS[HandlingFee]))*FACT_ORDERS[[#This Row],[Quantity]] + FACT_ORDERS[[#This Row],[DeliveryFee]] -> 112.608 | O97: =FACT_ORDERS[[#This Row],[TotalPricePerProduct]]-FACT_ORDERS[[#This Row],[DeliveryCost]]-FACT_ORDERS[[#This Row],[OperationsCost]] -> 84.608 | P97: 16
A98: 97 | B98: 51920 | C98: F58AP3 | D98: JrVxAnsxMIYMX9q | E98: 7 | F98: jpainten11@drupal.org | G98: 45155 | H98: United Kingdom | I98: 45155 | J98: =_xlfn.XLOOKUP(B98,ORDERS[OrderID],ORDERS[Rating],"Null") -> 4 | K98: =IF(FACT_ORDERS[[#This Row],[DeliveryDate]]-FACT_ORDERS[[#This Row],[OrderDate]]<=1,1,0) -> 1 | L98: 15 | M98: =(FACT_ORDERS[[#This Row],[Quantity]]/SUMIF(B$1:B$1643,FACT_ORDERS[[#This Row],[OrderID]],E$1:E$1643))*IF(SUMIFS(FACT_ORDERS[Quantity], FACT_ORDERS[OrderID], FACT_ORDERS[[#This Row],[OrderID]]) < 5, 15, IF(SUMIFS(FACT_ORDERS[Quantity], FACT_ORDERS[OrderID], FACT_ORDERS[[#This Row],[OrderID]]) <= 10, 12, 10)) -> 12 | N98: =(_xlfn.XLOOKUP(D98,DIM_PRODUCTS[ProductID],DIM_PRODUCTS[HandlingFee]))*FACT_ORDERS[[#This Row],[Quantity]] + FACT_ORDERS[[#This Row],[DeliveryFee]] -> 112.608 | O98: =FACT_ORDERS[[#This Row],[TotalPricePerProduct]]-FACT_ORDERS[[#This Row],[DeliveryCost]]-FACT_ORDERS[[#This Row],[OperationsCost]] -> 86.608 | P98: 14
A99: 98 | B99: 60135 | C99: F58AP3 | D99: JrVxAnsxMIYMX9q | E99: 12 | F99: amorrice23@163.com | G99: 45376 | H99: United Kingdom | I99: 45376 | J99: =_xlfn.XLOOKUP(B99,ORDERS[OrderID],ORDERS[Rating],"Null") -> 4 | K99: =IF(FACT_ORDERS[[#This Row],[DeliveryDate]]-FACT_ORDERS[[#This Row],[OrderDate]]<=1,1,0) -> 1 | L99: 15 | M99: =(FACT_ORDERS[[#This Row],[Quantity]]/SUMIF(B$1:B$1643,FACT_ORDERS[[#This Row],[OrderID]],E$1:E$1643))*IF(SUMIFS(FACT_ORDERS[Quantity], FACT_ORDERS[OrderID], FACT_ORDERS[[#This Row],[OrderID]]) < 5, 15, IF(SUMIFS(FACT_ORDERS[Quantity], FACT_ORDERS[OrderID], FACT_ORDERS[[#This Row],[OrderID]]) <= 10, 12, 10)) -> 10 | N99: =(_xlfn.XLOOKUP(D99,DIM_PRODUCTS[ProductID],DIM_PRODUCTS[HandlingFee]))*FACT_ORDERS[[#This Row],[Quantity]] + FACT_ORDERS[[#This Row],[DeliveryFee]] -> 182.328 | O99: =FACT_ORDERS[[#This Row],[TotalPricePerProduct]]-FACT_ORDERS[[#This Row],[DeliveryCost]]-FACT_ORDERS[[#This Row],[OperationsCost]] -> 161.328 | P99: 11
A100: 99 | B100: 59970 | C100: F58AP3 | D100: JrVxAnsxMIYMX9q | E100: 10 | F100: kkinniep@timesonline.co.uk | G100: 45393 | H100: United Kingdom | I100: 45393 | J100: =_xlfn.XLOOKUP(B100,ORDERS[OrderID],ORDERS[Rating],"Null") -> 5 | K100: =IF(FACT_ORDERS[[#This Row],[DeliveryDate]]-FACT_ORDERS[[#This Row],[OrderDate]]<=1,1,0) -> 1 | L100: 15 | M100: =(FACT_ORDERS[[#This Row],[Quantity]]/SUMIF(B$1:B$1643,FACT_ORDERS[[#This Row],[OrderID]],E$1:E$1643))*IF(SUMIFS(FACT_ORDERS[Quantity], FACT_ORDERS[OrderID], FACT_ORDERS[[#This Row],[OrderID]]) < 5, 15, IF(SUMIFS(FACT_ORDERS[Quantity], FACT_ORDERS[OrderID], FACT_ORDERS[[#This Row],[OrderID]]) <= 10, 12, 10)) -> 12 | N100: =(_xlfn.XLOOKUP(D100,DIM_PRODUCTS[ProductID],DIM_PRODUCTS[HandlingFee]))*FACT_ORDERS[[#This Row],[Quantity]] + FACT_ORDERS[[#This Row],[DeliveryFee]] -> 154.44 | O100: =FACT_ORDERS[[#This Row],[TotalPricePerProduct]]-FACT_ORDERS[[#This Row],[DeliveryCost]]-FACT_ORDERS[[#This Row],[OperationsCost]] -> 123.44 | P100: 19
... A106: 105 | B106: 27431 | C106: F58AP3 | D106: JrVxAnsxMIYMX9q | E106: 11 | F106: mshervil6t@etsy.com | G106: 45308 | H106: United Kingdom | I106: 45308 | J106: =_xlfn.XLOOKUP(B106,ORDERS[OrderID],ORDERS[Rating],"Null") -> 5 | K106: =IF(FACT_ORDERS[[#This Row],[DeliveryDate]]-FACT_ORDERS[[#This Row],[OrderDate]]<=1,1,0) -> 1 | L106: 15 | M106: =(FACT_ORDERS[[#This Row],[Quantity]]/SUMIF(B$1:B$1643,FACT_ORDERS[[#This Row],[OrderID]],E$1:E$1643))*IF(SUMIFS(FACT_ORDERS[Quantity], FACT_ORDERS[OrderID], FACT_ORDERS[[#This Row],[OrderID]]) < 5, 15, IF(SUMIFS(FACT_ORDERS[Quantity], FACT_ORDERS[OrderID], FACT_ORDERS[[#This Row],[OrderID]]) <= 10, 12, 10)) -> 10 | N106: =(_xlfn.XLOOKUP(D106,DIM_PRODUCTS[ProductID],DIM_PRODUCTS[HandlingFee]))*FACT_ORDERS[[#This Row],[Quantity]] + FACT_ORDERS[[#This Row],[DeliveryFee]] -> 168.384 | O106: =FACT_ORDERS[[#This Row],[TotalPricePerProduct]]-FACT_ORDERS[[#This Row],[DeliveryCost]]-FACT_ORDERS[[#This Row],[OperationsCost]] -> 147.384 | P106: 11
A107: 106 | B107: yf4MFv | C107: F68BU1 | D107: VY054mindqMXRrZ | E107: 11 | F107: fbowkett9n@vinaora.com | G107: 45489 | H107: India | I107: 45489 | J107: =_xlfn.XLOOKUP(B107,ORDERS[OrderID],ORDERS[Rating],"Null") -> 4 | K107: =IF(FACT_ORDERS[[#This Row],[DeliveryDate]]-FACT_ORDERS[[#This Row],[OrderDate]]<=1,1,0) -> 1 | L107: 15 | M107: =(FACT_ORDERS[[#This Row],[Quantity]]/SUMIF(B$1:B$1643,FACT_ORDERS[[#This Row],[OrderID]],E$1:E$1643))*IF(SUMIFS(FACT_ORDERS[Quantity], FACT_ORDERS[OrderID], FACT_ORDERS[[#This Row],[OrderID]]) < 5, 15, IF(SUMIFS(FACT_ORDERS[Quantity], FACT_ORDERS[OrderID], FACT_ORDERS[[#This Row],[OrderID]]) <= 10, 12, 10)) -> 10 | N107: =(_xlfn.XLOOKUP(D107,DIM_PRODUCTS[ProductID],DIM_PRODUCTS[HandlingFee]))*FACT_ORDERS[[#This Row],[Quantity]] + FACT_ORDERS[[#This Row],[DeliveryFee]] -> 118.95 | O107: =FACT_ORDERS[[#This Row],[TotalPricePerProduct]]-FACT_ORDERS[[#This Row],[DeliveryCost]]-FACT_ORDERS[[#This Row],[OperationsCost]] -> 91.95 | P107: 17
A108: 107 | B108: HTvaFk | C108: F68BU1 | D108: VY054mindqMXRrZ | E108: 4 | F108: cbrockettc7@harvard.edu | G108: 45464 | H108: India | I108: 45464 | J108: =_xlfn.XLOOKUP(B108,ORDERS[OrderID],ORDERS[Rating],"Null") -> 2 | K108: =IF(FACT_ORDERS[[#This Row],[DeliveryDate]]-FACT_ORDERS[[#This Row],[OrderDate]]<=1,1,0) -> 1 | L108: 15 | M108: =(FACT_ORDERS[[#This Row],[Quantity]]/SUMIF(B$1:B$1643,FACT_ORDERS[[#This Row],[OrderID]],E$1:E$1643))*IF(SUMIFS(FACT_ORDERS[Quantity], FACT_ORDERS[OrderID], FACT_ORDERS[[#This Row],[OrderID]]) < 5, 15, IF(SUMIFS(FACT_ORDERS[Quantity], FACT_ORDERS[OrderID], FACT_ORDERS[[#This Row],[OrderID]]) <= 10, 12, 10)) -> 15 | N108: =(_xlfn.XLOOKUP(D108,DIM_PRODUCTS[ProductID],DIM_PRODUCTS[HandlingFee]))*FACT_ORDERS[[#This Row],[Quantity]] + FACT_ORDERS[[#This Row],[DeliveryFee]] -> 52.8 | O108: =FACT_ORDERS[[#This Row],[TotalPricePerProduct]]-FACT_ORDERS[[#This Row],[DeliveryCost]]-FACT_ORDERS[[#This Row],[OperationsCost]] -> 22.8 | P108: 15
A109: 108 | B109: 2qHkSm | C109: F91LH7 | D109: sxkEUGpkoN1Fk1w | E109: 3 | F109: espantona7@wikimedia.org | G109: 45394 | H109: Guyana | I109: 45398 | J109: =_xlfn.XLOOKUP(B109,ORDERS[OrderID],ORDERS[Rating],"Null") -> 4 | K109: =IF(FACT_ORDERS[[#This Row],[DeliveryDate]]-FACT_ORDERS[[#This Row],[OrderDate]]<=1,1,0) -> 0 | L109: 15 | M109: =(FACT_ORDERS[[#This Row],[Quantity]]/SUMIF(B$1:B$1643,FACT_ORDERS[[#This Row],[OrderID]],E$1:E$1643))*IF(SUMIFS(FACT_ORDERS[Quantity], FACT_ORDERS[OrderID], FACT_ORDERS[[#This Row],[OrderID]]) < 5, 15, IF(SUMIFS(FACT_ORDERS[Quantity], FACT_ORDERS[OrderID], FACT_ORDERS[[#This Row],[OrderID]]) <= 10, 12, 10)) -> 15 | N109: =(_xlfn.XLOOKUP(D109,DIM_PRODUCTS[ProductID],DIM_PRODUCTS[HandlingFee]))*FACT_ORDERS[[#This Row],[Quantity]] + FACT_ORDERS[[#This Row],[DeliveryFee]] -> 38.7 | O109: =FACT_ORDERS[[#This Row],[TotalPricePerProduct]]-FACT_ORDERS[[#This Row],[DeliveryCost]]-FACT_ORDERS[[#This Row],[OperationsCost]] -> 6.7 | P109: 17
A110: 109 | B110: K983PM9HUKU | C110: F92IK2 | D110: sbEv3NgZTtDkszf | E110: 8 | F110: mkemmis8f@gizmodo.com | G110: 45182 | H110: Tanzania | I110: 45182 | J110: =_xlfn.XLOOKUP(B110,ORDERS[OrderID],ORDERS[Rating],"Null") -> 3 | K110: =IF(FACT_ORDERS[[#This Row],[DeliveryDate]]-FACT_ORDERS[[#This Row],[OrderDate]]<=1,1,0) -> 1 | L110: 15 | M110: =(FACT_ORDERS[[#This Row],[Quantity]]/SUMIF(B$1:B$1643,FACT_ORDERS[[#This Row],[OrderID]],E$1:E$1643))*IF(SUMIFS(FACT_ORDERS[Quantity], FACT_ORDERS[OrderID], FACT_ORDERS[[#This Row],[OrderID]]) < 5, 15, IF(SUMIFS(FACT_ORDERS[Quantity], FACT_ORDERS[OrderID], FACT_ORDERS[[#This Row],[OrderID]]) <= 10, 12, 10)) -> 12 | N110: =(_xlfn.XLOOKUP(D110,DIM_PRODUCTS[ProductID],DIM_PRODUCTS[HandlingFee]))*FACT_ORDERS[[#This Row],[Quantity]] + FACT_ORDERS[[#This Row],[DeliveryFee]] -> 89.4 | O110: =FACT_ORDERS[[#This Row],[TotalPricePerProduct]]-FACT_ORDERS[[#This Row],[DeliveryCost]]-FACT_ORDERS[[#This Row],[OperationsCost]] -> 69.4 | P110: 8
A111: 110 | B111: 5R9R935LJW3 | C111: F92IK2 | D111: sbEv3NgZTtDkszf | E111: 1 | F111: rgilby7b@merriam-webster.com | G111: 45159 | H111: Tanzania | I111: 45159 | J111: =_xlfn.XLOOKUP(B111,ORDERS[OrderID],ORDERS[Rating],"Null") -> 5 | K111: =IF(FACT_ORDERS[[#This Row],[DeliveryDate]]-FACT_ORDERS[[#This Row],[OrderDate]]<=1,1,0) -> 1 | L111: 15 | M111: =(FACT_ORDERS[[#This Row],[Quantity]]/SUMIF(B$1:B$1643,FACT_ORDERS[[#This Row],[OrderID]],E$1:E$1643))*IF(SUMIFS(FACT_ORDERS[Quantity], FACT_ORDERS[OrderID], FACT_ORDERS[[#This Row],[OrderID]]) < 5, 15, IF(SUMIFS(FACT_ORDERS[Quantity], FACT_ORDERS[OrderID], FACT_ORDERS[[#This Row],[OrderID]]) <= 10, 12, 10)) -> 15 | N111: =(_xlfn.XLOOKUP(D111,DIM_PRODUCTS[ProductID],DIM_PRODUCTS[HandlingFee]))*FACT_ORDERS[[#This Row],[Quantity]] + FACT_ORDERS[[#This Row],[DeliveryFee]] -> 24.3 | O111: =FACT_ORDERS[[#This Row],[TotalPricePerProduct]]-FACT_ORDERS[[#This Row],[DeliveryCost]]-FACT_ORDERS[[#This Row],[OperationsCost]] -> -6.7 | P111: 16
A112: 111 | B112: FSCA987CUUS | C112: F93HW8 | D112: lucRBqUm8XDJn3F | E112: 11 | F112: mmaffi5j@unesco.org | G112: 45303 | H112: India | I112: 45304 | J112: =_xlfn.XLOOKUP(B112,ORDERS[OrderID],ORDERS[Rating],"Null") -> 3 | K112: =IF(FACT_ORDERS[[#This Row],[DeliveryDate]]-FACT_ORDERS[[#This Row],[OrderDate]]<=1,1,0) -> 1 | L112: 15 | M112: =(FACT_ORDERS[[#This Row],[Quantity]]/SUMIF(B$1:B$1643,FACT_ORDERS[[#This Row],[OrderID]],E$1:E$1643))*IF(SUMIFS(FACT_ORDERS[Quantity], FACT_ORDERS[OrderID], FACT_ORDERS[[#This Row],[OrderID]]) < 5, 15, IF(SUMIFS(FACT_ORDERS[Quantity], FACT_ORDERS[OrderID], FACT_ORDERS[[#This Row],[OrderID]]) <= 10, 12, 10)) -> 10 | N112: =(_xlfn.XLOOKUP(D112,DIM_PRODUCTS[ProductID],DIM_PRODUCTS[HandlingFee]))*FACT_ORDERS[[#This Row],[Quantity]] + FACT_ORDERS[[#This Row],[DeliveryFee]] -> 134.35 | O112: =FACT_ORDERS[[#This Row],[TotalPricePerProduct]]-FACT_ORDERS[[#This Row],[DeliveryCost]]-FACT_ORDERS[[#This Row],[OperationsCost]] -> 110.35 | P112: 14
A113: 112 | B113: jajcr8rsu3 | C113: F97GY7 | D113: MdXSrtGpJJxfuWe | E113: 7 | F113: scalderon94@google.com.hk | G113: 45425 | H113: Israel | I113: 45428 | J113: =_xlfn.XLOOKUP(B113,ORDERS[OrderID],ORDERS[Rating],"Null") -> 4 | K113: =IF(FACT_ORDERS[[#This Row],[DeliveryDate]]-FACT_ORDERS[[#This Row],[OrderDate]]<=1,1,0) -> 0 | L113: 15 | M113: =(FACT_ORDERS[[#This Row],[Quantity]]/SUMIF(B$1:B$1643,FACT_ORDERS[[#This Row],[OrderID]],E$1:E$1643))*IF(SUMIFS(FACT_ORDERS[Quantity], FACT_ORDERS[OrderID], FACT_ORDERS[[#This Row],[OrderID]]) < 5, 15, IF(SUMIFS(FACT_ORDERS[Quantity], FACT_ORDERS[OrderID], FACT_ORDERS[[#This Row],[OrderID]]) <= 10, 12, 10)) -> 12 | N113: =(_xlfn.XLOOKUP(D113,DIM_PRODUCTS[ProductID],DIM_PRODUCTS[HandlingFee]))*FACT_ORDERS[[#This Row],[Quantity]] + FACT_ORDERS[[#This Row],[DeliveryFee]] -> 111.2395 | O113: =FACT_ORDERS[[#This Row],[TotalPricePerProduct]]-FACT_ORDERS[[#This Row],[DeliveryCost]]-FACT_ORDERS[[#This Row],[OperationsCost]] -> 90.2395 | P113: 9
A114: 113 | B114: 15508 | C114: G43OB8 | D114: YPHaAdAZi0hF8Lp | E114: 2 | F114: rbasili8w@about.com | G114: 45154 | H114: United Kingdom | I114: 45154 | J114: =_xlfn.XLOOKUP(B114,ORDERS[OrderID],ORDERS[Rating],"Null") -> 4 | K114: =IF(FACT_ORDERS[[#This Row],[DeliveryDate]]-FACT_ORDERS[[#This Row],[OrderDate]]<=1,1,0) -> 1 | L114: 15 | M114: =(FACT_ORDERS[[#This Row],[Quantity]]/SUMIF(B$1:B$1643,FACT_ORDERS[[#This Row],[OrderID]],E$1:E$1643))*IF(SUMIFS(FACT_ORDERS[Quantity], FACT_ORDERS[OrderID], FACT_ORDERS[[#This Row],[OrderID]]) < 5, 15, IF(SUMIFS(FACT_ORDERS[Quantity], FACT_ORDERS[OrderID], FACT_ORDERS[[#This Row],[OrderID]]) <= 10, 12, 10)) -> 15 | N114: =(_xlfn.XLOOKUP(D114,DIM_PRODUCTS[ProductID],DIM_PRODUCTS[HandlingFee]))*FACT_ORDERS[[#This Row],[Quantity]] + FACT_ORDERS[[#This Row],[DeliveryFee]] -> 21.801 | O114: =FACT_ORDERS[[#This Row],[TotalPricePerProduct]]-FACT_ORDERS[[#This Row],[DeliveryCost]]-FACT_ORDERS[[#This Row],[OperationsCost]] -> -3.199 | P114: 10
...

Sheet FACT_SEARCHES
A1: DW_SEARCHES | B1: IPAddress | C1: SearchDate | D1: Email | E1: Text | F1: isConversion
A2: 5043 | B2: 22.207.202.213/26 | C2: 45134 | D2: gmccard12@alibaba.com | E2: Love&romance | F2: =IF(AND(B2=SEARCHES!A2, C2=SEARCHES!B2), IF(SEARCHES!D2<>"NULL", 1, 0), 0) -> 1
A3: 5044 | B3: 222.150.87.12/10 | C3: 45158 | D3: dmchirriedu@meetup.com | E3: Best Seller | F3: =IF(AND(B3=SEARCHES!A3, C3=SEARCHES!B3), IF(SEARCHES!D3<>"NULL", 1, 0), 0) -> 1
A4: 5045 | B4: 38.154.167.154/19 | C4: 45297 | D4: gkopf5v@dailymail.co.uk | E4: Summer | F4: =IF(AND(B4=SEARCHES!A4, C4=SEARCHES!B4), IF(SEARCHES!D4<>"NULL", 1, 0), 0) -> 1
A5: 5046 | B5: 170.14.180.222/18 | C5: 45314 | D5: dimosg@discuz.net | E5: Womans Day | F5: =IF(AND(B5=SEARCHES!A5, C5=SEARCHES!B5), IF(SEARCHES!D5<>"NULL", 1, 0), 0) -> 1
A6: 5047 | B6: 16.58.195.27/16 | C6: 45176 | D6: shoudhury5d@slashdot.org | E6: Anniversary | F6: =IF(AND(B6=SEARCHES!A6, C6=SEARCHES!B6), IF(SEARCHES!D6<>"NULL", 1, 0), 0) -> 1
A7: 5048 | B7: 19.60.9.136/13 | C7: 45169 | D7: bstebbinsfc@chron.com | E7: Thanksgiving | F7: =IF(AND(B7=SEARCHES!A7, C7=SEARCHES!B7), IF(SEARCHES!D7<>"NULL", 1, 0), 0) -> 1
A8: 5049 | B8: 210.44.175.135/11 | C8: 45146 | D8: fjanning1w@1688.com | E8: Best Seller | F8: =IF(AND(B8=SEARCHES!A8, C8=SEARCHES!B8), IF(SEARCHES!D8<>"NULL", 1, 0), 0) -> 1
A9: 5050 | B9: 176.79.13.233/26 | C9: 45232 | D9: gkopf5v@dailymail.co.uk | E9: Best Seller | F9: =IF(AND(B9=SEARCHES!A9, C9=SEARCHES!B9), IF(SEARCHES!D9<>"NULL", 1, 0), 0) -> 1
A10: 5051 | B10: 59.179.107.164/27 | C10: 45429 | D10: jibbesoneu@skype.com | E10: Anniversary | F10: =IF(AND(B10=SEARCHES!A10, C10=SEARCHES!B10), IF(SEARCHES!D10<>"NULL", 1, 0), 0) -> 1
A11: 5052 | B11: 123.255.137.116/12 | C11: 45217 | D11: jhinrichsene0@wp.com | E11: Thank You | F11: =IF(AND(B11=SEARCHES!A11, C11=SEARCHES!B11), IF(SEARCHES!D11<>"NULL", 1, 0), 0) -> 1
A12: 5053 | B12: 9.41.97.112/19 | C12: 45133 | D12: atrevett84@yandex.ru | E12: Valentines Day | F12: =IF(AND(B12=SEARCHES!A12, C12=SEARCHES!B12), IF(SEARCHES!D12<>"NULL", 1, 0), 0) -> 1
A13: 5054 | B13: 229.182.144.15/12 | C13: 45148 | D13: agarritleydi@hatena.ne.jp | E13: Summer | F13: =IF(AND(B13=SEARCHES!A13, C13=SEARCHES!B13), IF(SEARCHES!D13<>"NULL", 1, 0), 0) -> 1
... A325: 5366 | B325: 125.126.217.23/18 | C325: 44570 | D325: hgunningham6d@istockphoto.com | E325: Valentines Day | F325: =IF(AND(B325=SEARCHES!A325, C325=SEARCHES!B325), IF(SEARCHES!D325<>"NULL", 1, 0), 0) -> 0
A326: 5367 | B326: =[1]Random_IP_CIDR_Addresses!A2 -> 21.154.175.77/13 | C326: 44868 | D326: atarquini3@yellowpages.com | E326: Baby Birth | F326: =IF(AND(B326=SEARCHES!A326, C326=SEARCHES!B326), IF(SEARCHES!D326<>"NULL", 1, 0), 0) -> 1
A327: 5368 | B327: =[1]Random_IP_CIDR_Addresses!A3 -> 153.114.134.64/10 | C327: 45270 | D327: lmerman1@goo.ne.jp | E327: Winter | F327: =IF(AND(B327=SEARCHES!A327, C327=SEARCHES!B327), IF(SEARCHES!D327<>"NULL", 1, 0), 0) -> 1
A328: 5369 | B328: =[1]Random_IP_CIDR_Addresses!A4 -> 92.56.198.190/12 | C328: 45110 | D328: gwiggins0@multiply.com | E328: Winter | F328: =IF(AND(B328=SEARCHES!A328, C328=SEARCHES!B328), IF(SEARCHES!D328<>"NULL", 1, 0), 0) -> 1
A329: 5370 | B329: =[1]Random_IP_CIDR_Addresses!A5 -> 244.143.29.68/11 | C329: 44845 | D329: ccapper2@diigo.com | E329: Baby Birth | F329: =IF(AND(B329=SEARCHES!A329, C329=SEARCHES!B329), IF(SEARCHES!D329<>"NULL", 1, 0), 0) -> 1
A330: 5371 | B330: =[1]Random_IP_CIDR_Addresses!A6 -> 173.93.126.239/16 | C330: 45090 | D330: ecompson9@youtube.com | E330: Baby Birth | F330: =IF(AND(B330=SEARCHES!A330, C330=SEARCHES!B330), IF(SEARCHES!D330<>"NULL", 1, 0), 0) -> 1
A331: 5372 | B331: =[1]Random_IP_CIDR_Addresses!A7 -> 185.174.116.28/10 | C331: 44782 | D331: sknee7@ning.com | E331: Womans Day | F331: =IF(AND(B331=SEARCHES!A331, C331=SEARCHES!B331), IF(SEARCHES!D331<>"NULL", 1, 0), 0) -> 1
A332: 5373 | B332: =[1]Random_IP_CIDR_Addresses!A8 -> 232.164.163.64/26 | C332: 45290 | D332: sknee7@ning.com | E332: Baby Birth | F332: =IF(AND(B332=SEARCHES!A332, C332=SEARCHES!B332), IF(SEARCHES!D332<>"NULL", 1, 0), 0) -> 1
A333: 5374 | B333: =[1]Random_IP_CIDR_Addresses!A9 -> 201.138.15.253/10 | C333: 45210 | D333: atarquini3@yellowpages.com | E333: Winter | F333: =IF(AND(B333=SEARCHES!A333, C333=SEARCHES!B333), IF(SEARCHES!D333<>"NULL", 1, 0), 0) -> 1
A334: 5375 | B334: =[1]Random_IP_CIDR_Addresses!A10 -> 0.125.247.142/10 | C334: 45191 | D334: mletherbury6@vimeo.com | E334: Love&romance | F334: =IF(AND(B334=SEARCHES!A334, C334=SEARCHES!B334), IF(SEARCHES!D334<>"NULL", 1, 0), 0) -> 1
A335: 5376 | B335: =[1]Random_IP_CIDR_Addresses!A11 -> 162.135.90.9/11 | C335: 44912 | D335: lmulmuray8@wsj.com | E335: Marriage | F335: =IF(AND(B335=SEARCHES!A335, C335=SEARCHES!B335), IF(SEARCHES!D335<>"NULL", 1, 0), 0) -> 1
A336: 5377 | B336: =[1]Random_IP_CIDR_Addresses!A12 -> 249.220.94.228/19 | C336: 45051 | D336: dhovee5@constantcontact.com | E336: Valentines Day | F336: =IF(AND(B336=SEARCHES!A336, C336=SEARCHES!B336), IF(SEARCHES!D336<>"NULL", 1, 0), 0) -> 1
A337: 5378 | B337: =[1]Random_IP_CIDR_Addresses!A13 -> 93.88.95.179/21 | C337: 44605 | D337: gmawd4@alibaba.com | E337: Valentines Day | F337: =IF(AND(B337=SEARCHES!A337, C337=SEARCHES!B337), IF(SEARCHES!D337<>"NULL", 1, 0), 0) -> 0
... A825: 5866 | B825: =[1]Random_IP_CIDR_Addresses!A501 -> 67.189.176.123/18 | C825: 44713 | D825: sknee7@ning.com | E825: Marriage | F825: =IF(AND(B825=SEARCHES!A825, C825=SEARCHES!B825), IF(SEARCHES!D825<>"NULL", 1, 0), 0) -> 1
A826: 5867 | B826: 45.226.223.197/20 | C826: 20/09/2022 | D826: atarquini3@yellowpages.com | E826: Best Seller | F826: =IF(AND(B826=SEARCHES!A826, C826=SEARCHES!B826), IF(SEARCHES!D826<>"NULL", 1, 0), 0) -> 1
A827: 5868 | B827: 50.24.119.40/22 | C827: 23/05/2023 | D827: sknee7@ning.com | E827: Christmas | F827: =IF(AND(B827=SEARCHES!A827, C827=SEARCHES!B827), IF(SEARCHES!D827<>"NULL", 1, 0), 0) -> 1
A828: 5869 | B828: 244.40.71.248/15 | C828: 22/05/2022 | D828: sknee7@ning.com | E828: Christmas | F828: =IF(AND(B828=SEARCHES!A828, C828=SEARCHES!B828), IF(SEARCHES!D828<>"NULL", 1, 0), 0) -> 1
A829: 5870 | B829: 79.132.242.191/24 | C829: 02/08/2023 | D829: ccapper2@diigo.com | E829: Summer | F829: =IF(AND(B829=SEARCHES!A829, C829=SEARCHES!B829), IF(SEARCHES!D829<>"NULL", 1, 0), 0) -> 1
A830: 5871 | B830: 142.49.187.93/12 | C830: 28/04/2022 | D830: gwiggins0@multiply.com | E830: Womans Day | F830: =IF(AND(B830=SEARCHES!A830, C830=SEARCHES!B830), IF(SEARCHES!D830<>"NULL", 1, 0), 0) -> 1
A831: 5872 | B831: 6.208.37.237/15 | C831: 16/08/2023 | D831: gwiggins0@multiply.com | E831: Womans Day | F831: =IF(AND(B831=SEARCHES!A831, C831=SEARCHES!B831), IF(SEARCHES!D831<>"NULL", 1, 0), 0) -> 1
A832: 5873 | B832: 231.139.132.209/12 | C832: 10/02/2024 | D832: lmerman1@goo.ne.jp | E832: Love&romance | F832: =IF(AND(B832=SEARCHES!A832, C832=SEARCHES!B832), IF(SEARCHES!D832<>"NULL", 1, 0), 0) -> 1
A833: 5874 | B833: 182.138.104.173/29 | C833: 02/02/2024 | D833: mletherbury6@vimeo.com | E833: Birthday | F833: =IF(AND(B833=SEARCHES!A833, C833=SEARCHES!B833), IF(SEARCHES!D833<>"NULL", 1, 0), 0) -> 0
A834: 5875 | B834: 193.238.2.29/26 | C834: 06/07/2022 | D834: ecompson9@youtube.com | E834: Mothers Day | F834: =IF(AND(B834=SEARCHES!A834, C834=SEARCHES!B834), IF(SEARCHES!D834<>"NULL", 1, 0), 0) -> 1
A835: 5876 | B835: 7.157.155.43/15 | C835: 22/02/2024 | D835: atarquini3@yellowpages.com | E835: Anniversary | F835: =IF(AND(B835=SEARCHES!A835, C835=SEARCHES!B835), IF(SEARCHES!D835<>"NULL", 1, 0), 0) -> 1
A836: 5877 | B836: 47.189.242.160/27 | C836: 10/11/2022 | D836: ecompson9@youtube.com | E836: Christmas | F836: =IF(AND(B836=SEARCHES!A836, C836=SEARCHES!B836), IF(SEARCHES!D836<>"NULL", 1, 0), 0) -> 1
A837: 5878 | B837: 87.243.90.14/29 | C837: 15/08/2022 | D837: dhovee5@constantcontact.com | E837: Marriage | F837: =IF(AND(B837=SEARCHES!A837, C837=SEARCHES!B837), IF(SEARCHES!D837<>"NULL", 1, 0), 0) -> 1
... A1525: 6566 | B1525: 145.60.105.120/10 | C1525: 05/11/2022 | D1525: sknee7@ning.com | E1525: Summer | F1525: =IF(AND(B1525=SEARCHES!A1525, C1525=SEARCHES!B1525), IF(SEARCHES!D1525<>"NULL", 1, 0), 0) -> 1

Sheet DIM_DATES
A1: Date ID | B1: Year | C1: Quarter | D1: Month | E1: Day | F1: IsHoliday | G1: IsWeekend
A2: 1 | B2: 2022 | C2: 1 | D2: 1 | E2: 1 | F2: 0 | G2: 1
A3: 2 | B3: 2022 | C3: 1 | D3: 1 | E3: 2 | F3: 0 | G3: 1
A4: 3 | B4: 2022 | C4: 1 | D4: 1 | E4: 3 | F4: 0 | G4: 0
A5: 4 | B5: 2022 | C5: 1 | D5: 1 | E5: 4 | F5: 0 | G5: 0
A6: 5 | B6: 2022 | C6: 1 | D6: 1 | E6: 5 | F6: 0 | G6: 0
A7: 6 | B7: 2022 | C7: 1 | D7: 1 | E7: 6 | F7: 0 | G7: 0
A8: 7 | B8: 2022 | C8: 1 | D8: 1 | E8: 7 | F8: 0 | G8: 0
A9: 8 | B9: 2022 | C9: 1 | D9: 1 | E9: 8 | F9: 0 | G9: 1
A10: 9 | B10: 2022 | C10: 1 | D10: 1 | E10: 9 | F10: 0 | G10: 1
A11: 10 | B11: 2022 | C11: 1 | D11: 1 | E11: 10 | F11: 0 | G11: 0
A12: 11 | B12: 2022 | C12: 1 | D12: 1 | E12: 11 | F12: 0 | G12: 0
A13: 12 | B13: 2022 | C13: 1 | D13: 1 | E13: 12 | F13: 0 | G13: 0
... A1097: 1096 | B1097: 2024 | C1097: 4 | D1097: 12 | E1097: 31 | F1097: 0 | G1097: 0

Sheet PIVOT_AOV
B1: Age Group
B2: Adult | D2: Child | F2: Senior | H2: (ריק) | J2: סך הכל AOV | K2: סך הכל AOV מצב
A3: Category | B3: AOV | C3: AOV מצב | D3: AOV | E3: AOV מצב | F3: AOV | G3: AOV מצב | H3: AOV | I3: AOV מצב
A4: Best Seller | B4: 47.68038 | C4: 1 | D4: 46.430877 | E4: 1 | F4: 50.568107 | G4: 1 | H4: 59.2 | I4: 1 | J4: 48.346292 | K4: 1
A5: Events | B5: 45.352558 | C5: 1 | D5: 37.122529 | E5: 0 | F5: 48.080471 | G5: 1 | J5: 45.12583 | K5: 1
A6: General | B6: 41.761017 | C6: 0 | D6: 19.896075 | E6: -1 | F6: 39.252066 | G6: 0 | J6: 39.475651 | K6: 0
A7: Holidays | B7: 51.378309 | C7: 1 | D7: 14.316833 | E7: -1 | F7: 51.303711 | G7: 1 | J7: 49.331003 | K7: 1
A8: Seasons | B8: 76.144669 | C8: 1 | D8: 41.686 | E8: 0 | F8: 72.537376 | G8: 1 | J8: 72.735425 | K8: 1
A9: סכום כולל | B9: 48.675389 | C9: 1 | D9: 38.342904 | E9: 0 | F9: 50.179648 | G9: 1 | H9: 59.2 | I9: 1 | J9: 48.225307 | K9: 1

Sheet PIVOT_ConversionRate
A1: Location | B1: Convertion Rate | C1: Convertion Rate מצב
A2: mnickerson6x@samsung.com | B2: 1 | C2: 1
A3: wlouch81@blogspot.com | B3: 0 | C3: -1
A4: kdorber8n@walmart.com | B4: 1 | C4: 1
A5: cjeannet8o@nasa.gov | B5: 1 | C5: 1
A6: myarwood8r@statcounter.com | B6: 0.5 | C6: 0
A7: gneeves8y@godaddy.com | B7: 0 | C7: -1
A8: mjellico9q@blogspot.com | B8: 1 | C8: 1
A9: smeinekencu@statcounter.com | B9: 0.5 | C9: 0
A10: jstclair4r@ca.gov | B10: 1 | C10: 1
A11: kfinnerand4@quantcast.com | B11: 1 | C11: 1
A12: kbertramd@joomla.org | B12: 1 | C12: 1
A13: msanton14@istockphoto.com | B13: 1 | C13: 1
... A235: סכום כולל | B235: 0.77296588 | C235: 0

Sheet גיליון2

Sheet PIVOT_OnTimeShipments
A1: Location | B1: OnTimeShipments | C1: OnTimeShipments מצב
A2: Africa | B2: 0.58461538 | C2: -1
A3: Asia | B3: 0.69832402 | C3: 0
A4: Australia | B4: 0.70833333 | C4: 0
A5: Central America | B5: 0.62903226 | C5: -1
A6: Europe
A7: Andorra | B7: 1 | C7: 1
A8: Austria | B8: 0.81355932 | C8: 1
A9: France | B9: 0.77777778 | C9: 1
A10: Germany | B10: 0.68253968 | C10: 0
A11: Greece | B11: 0.71428571 | C11: 0
A12: Italy | B12: 0.69406393 | C12: 0
A13: Luxembourg | B13: 1 | C13: 1
A14: Russia | B14: 0.84615385 | C14: 1
A15: United Kingdom | B15: 0.83098592 | C15: 1
A16: North America | B16: 0.78625954 | C16: 1
A17: South America | B17: 0.7251462 | C17: 0
A18: סכום כולל | B18: 0.7137637 | C18: 0

Sheet PIVOT_RPR
A1: תוויות שורה | B1: RPR
A2: Africa | B2: 0.675
A3: Asia | B3: 0.77192982
A4: Australia | B4: 0.68181818
A5: Central America | B5: 0.76923077
A6: Europe | B6: 0.86069652
A7: North America | B7: 0.54716981
A8: South America | B8: 0.96078431
A9: סכום כולל | B9: 0.88650307

Sheet DIM_COUNTRIES
A1: Country | B1: Continent
A2: Afghanistan | B2: Asia
A3: Albania | B3: Europe
A4: Algeria | B4: Africa
A5: Andorra | B5: Europe
A6: Angola | B6: Africa
A7: Antigua and Barbuda | B7: Central America
A8: Argentina | B8: South America
A9: Armenia | B9: Asia
A10: Australia | B10: Australia
A11: Austria | B11: Europe
A12: Azerbaijan | B12: Asia
... A193: Zimbabwe | B193: Africa

Sheet ORDERS
A1: OrderID | B1: Email (CUSTOMERS) | C1: OrderDT | D1: Country (FLOWERSHOPS) | E1: City | F1: StreetNumber | G1: Delivery Date | H1: Rating | I1: GreetingCard
A2: 18 | B2: clatus3l@google.it | C2: 45386 | D2: Portugal | E2: Lisbon | F2: 785 | G2: 45394 | H2: 4 | I2: Congratulations on your wedding! May your love for each other grow stronger with each passing day.
A3: 1933 | B3: dpobjayat@spotify.com | C3: 45381 | D3: Russia | E3: Yekaterinburg | F3: 125 | G3: 45389 | H3: 5 | I3: Congratulations on your wedding! May your love for each other grow stronger with each passing day.
A4: 6462 | B4: rvincent4v@toplist.cz | C4: 45216 | D4: Qatar | E4: Doha | F4: 577 | G4: 45223 | H4: 5 | I4: Here's to another year of laughter, love, and cherished memories. Happy birthday!
A5: 9945 | B5: ygowansb2@washington.edu | C5: 45377 | D5: Romania | E5: Cluj-Napoca | F5: 280 | G5: 45386 | H5: 5 | I5: Happy New Year! May the coming year bring you closer to your dreams and fill your heart with happiness.
A6: 14133 | B6: jcowiee@foxnews.com | C6: 45330 | D6: Poland | E6: Warsaw | F6: 213 | G6: 45338 | H6: 4 | I6: Here's to another year of laughter, love, and cherished memories. Happy birthday!
A7: 14616 | B7: smeinekencu@statcounter.com | C7: 45396 | D7: Russia | E7: Saint Petersburg | F7: 276 | G7: 45404 | H7: 5 | I7: Happy Thanksgiving! May your day be filled with love, gratitude, and the warmth of family and friends.
A8: 15508 | B8: rbasili8w@about.com | C8: 45154 | D8: Slovakia | E8: Bratislava | F8: 638 | G8: 45163 | H8: 4 | I8: Happy Birthday!
A9: 17049 | B9: jpainten11@drupal.org | C9: 45269 | D9: South Africa | E9: Pretoria | F9: 10 | G9: 45277 | H9: 5 | I9: May God bless you richly throughout the Holiday Season.
A10: 23629 | B10: mmaffi5j@unesco.org | C10: 45321 | D10: Russia | E10: Yekaterinburg | F10: 69 | G10: 45328 | H10: 5 | I10: NULL
A11: 27431 | B11: mshervil6t@etsy.com | C11: 45308 | D11: Poland | E11: Krakow | F11: 566 | G11: 45316 | H11: 5 | I11: Celebrate New Year's Eve with laughter, joy, and hope for the future.
A12: 28720 | B12: lclerc4e@illinois.edu | C12: 45158 | D12: Singapore | E12: Singapore | F12: 376 | G12: 45166 | H12: 5 | I12: Happy Holidays! I hope all of your Christmas wishes come true.
A13: 32268 | B13: ddumbltonbv@over-blog.com | C13: 45389 | D13: Poland | E13: Krakow | F13: 702 | G13: 45396 | H13: 5 | I13: Wishing you both a lifetime of love and happiness as you start this new journey together in marriage.
... A51: 99614 | B51: sblown34@globo.com | C51: 45141 | D51: Russia | E51: Yekaterinburg | F51: 865 | G51: 45150 | H51: 4 | I51: NULL
A52: 02B265C | B52: ddefries2i@themeforest.net | C52: 45273 | D52: Vietnam | E52: Hanoi | F52: 66 | G52: 45282 | H52: 4 | I52: Happy New Year! May the coming year bring you closer to your dreams and fill your heart with happiness.
A53: 067j6q49gv | B53: mchuter1u@dagondesign.com | C53: 45456 | D53: Italy | E53: Rome | F53: 545 | G53: 45501 | H53: 5 | I53: NULL
A54: 0VCAYS6 | B54: ccolthardv@narod.ru | C54: 45258 | D54: United States | E54: Los Angeles | F54: 148 | G54: 45267 | H54: 4 | I54: Happy Thanksgiving! May your day be filled with love, gratitude, and delicious moments shared with family and friends.
A55: 0WBB7B2 | B55: dughi2t@studiopress.com | C55: 45374 | D55: Vietnam | E55: Hanoi | F55: 738 | G55: 45383 | H55: 4 | I55: Wishing you a New Year filled with peace, prosperity, and happiness.
A56: 0z86lcqoq0 | B56: mhazel18@java.com | C56: 45127 | D56: Philippines | E56: Cebu City | F56: 13 | G56: 45136 | H56: 5 | I56: Sending you warm birthday wishes and lots of love on this special day.
A57: 12ctz3p1ha | B57: egummowar@jigsy.com | C57: 45434 | D57: North Macedonia | E57: Skopje | F57: 549 | G57: 45442 | H57: 4 | I57: NULL
A58: 14ok58lgjx | B58: ccapper2@diigo.com | C58: 45437 | D58: Italy | E58: Rome | F58: 779 | G58: 45482 | H58: 4 | I58: Wishing you both a lifetime of love and happiness as you journey through life together in marriage.
A59: 16V1GORYZVZ | B59: cgrigoli8a@yellowbook.com | C59: 45450 | D59: Spain | E59: Madrid | F59: 48 | G59: 45458 | H59: 5 | I59: Have yourself a Merry little Christmas. Let your heart be light.
A60: 1EKSWBJF3BI | B60: lmerman1@goo.ne.jp | C60: 45133 | D60: Spain | E60: Madrid | F60: 584 | G60: 45141 | H60: 5 | I60: Even though we are far, my heart is with you on this season.
A61: 1zu52eglav | B61: twrightem6p@tamu.edu | C61: 45319 | D61: Italy | E61: Rome | F61: 170 | G61: 45363 | H61: 5 | I61: NULL
A62: 20TYHW03351 | B62: myarwood8r@statcounter.com | C62: 45333 | D62: United States | E62: New York City | F62: 732 | G62: 45341 | H62: 5 | I62: In the presence of our loved ones, we pledge our love and commitment.
A63: 23L5CSP | B63: twrightem6p@tamu.edu | C63: 45164 | D63: United States | E63: New York City | F63: 965 | G63: 45173 | H63: 5 | I63: Wishing you a New Year filled with peace, love, and prosperity. Happy New Year!
... A1543: zZdKGe | B1543: mhazel18@java.com | C1543: 45276 | D1543: India | E1543: Bangalore | F1543: 956 | G1543: 45321 | H1543: 5 | I1543: Warmest wishes for a Thanksgiving overflowing with love and thankfulness.

Sheet SEARCHES
A1: IPAddress | B1: SearchDT | C1: Email (CUSTOMERS) | D1: LeadsToOrder (ORDERS) | E1: Text
A2: 22.207.202.213/26 | B2: 45134 | C2: gmccard12@alibaba.com | D2: HhTEIL | E2: Love&romance
A3: 222.150.87.12/10 | B3: 45158 | C3: dmchirriedu@meetup.com | D3: aSprXQ | E3: Best Seller
A4: 38.154.167.154/19 | B4: 45297 | C4: gkopf5v@dailymail.co.uk | D4: UTjTiD | E4: Summer
A5: 170.14.180.222/18 | B5: 45314 | C5: dimosg@discuz.net | D5: OdSnkb | E5: Womans Day
A6: 16.58.195.27/16 | B6: 45176 | C6: shoudhury5d@slashdot.org | D6: q8Kdtc | E6: Anniversary
A7: 19.60.9.136/13 | B7: 45169 | C7: bstebbinsfc@chron.com | D7: jWx6Jq | E7: Thanksgiving
A8: 210.44.175.135/11 | B8: 45146 | C8: fjanning1w@1688.com | D8: qOc4mf | E8: Best Seller
A9: 176.79.13.233/26 | B9: 45232 | C9: gkopf5v@dailymail.co.uk | D9: y54Rww | E9: Best Seller
A10: 59.179.107.164/27 | B10: 45429 | C10: jibbesoneu@skype.com | D10: NQEGWw | E10: Anniversary
A11: 123.255.137.116/12 | B11: 45217 | C11: jhinrichsene0@wp.com | D11: HosFZg | E11: Thank You
A12: 9.41.97.112/19 | B12: 45133 | C12: atrevett84@yandex.ru | D12: eAKFSE | E12: Valentines Day
A13: 229.182.144.15/12 | B13: 45148 | C13: agarritleydi@hatena.ne.jp | D13: E1LSmN | E13: Summer
... A199: 64.118.225.222/23 | B199: 45158 | C199: pmarnes9k@disqus.com | D199: NULL | E199: Love&romance
A200: 254.171.159.141/8 | B200: 45216 | C200: wcunneyah@ucoz.com | D200: 33011 | E200: Marriage
A201: 205.232.209.208/17 | B201: 45259 | C201: ebrunicke67@delicious.com | D201: 79405 | E201: Birthday
A202: 14.12.42.10/3 | B202: 45334 | C202: ccapper2@diigo.com | D202: 17049 | E202: Valentines Day
A203: 52.92.118.237/26 | B203: 45174 | C203: jrings3z@dmoz.org | D203: 62705 | E203: Thank You
A204: 201.27.213.47/18 | B204: 45298 | C204: eleggate41@skyrock.com | D204: Z8VL3P4QYZA | E204: Thanksgiving
A205: 15.15.93.64/31 | B205: 45332 | C205: bsmerdon43@privacy.gov.au | D205: 3J89QR41AB4 | E205: Thanksgiving
A206: 63.95.48.70/22 | B206: 45115 | C206: pskalab9@accuweather.com | D206: 471Z0RMSZZA | E206: Best Seller
A207: 194.40.191.82/18 | B207: 45347 | C207: crichtenf7@va.gov | D207: 5TXAXW3IHUB | E207: Summer
A208: 22.7.73.86/20 | B208: 45232 | C208: emelanaphys@omniture.com | D208: ZORMHXKFW8M | E208: Summer
A209: 4.115.240.26/17 | B209: 45327 | C209: tkniftoncq@patch.com | D209: 91K703G2M33 | E209: Thanksgiving
A210: 133.148.65.161/31 | B210: 45336 | C210: lharraway4t@cpanel.net | D210: ZLDHNRWBDAK | E210: Winter
A211: 144.120.21.17/24 | B211: 45209 | C211: ntwidle5g@indiatimes.com | D211: NNB8W0XWNC0 | E211: Baby Birth
A212: 63.209.165.81/31 | B212: 45377 | C212: adetoc2l@github.com | D212: P11LRFIH3Y7 | E212: Winter
A213: 237.41.137.228/9 | B213: 45378 | C213: cfrogleydm@ucsd.edu | D213: NULL | E213: Thank You
A214: 207.30.123.49/15 | B214: 45215 | C214: rmenslerd8@yolasite.com | D214: NULL | E214: Birthday
A215: 230.239.212.216/25 | B215: 45414 | C215: atamasb4@archive.org | D215: NULL | E215: Anniversary
... A325: 125.126.217.23/18 | B325: 44570 | C325: hgunningham6d@istockphoto.com | D325: NULL | E325: Valentines Day
A326: =[1]Random_IP_CIDR_Addresses!A2 -> 21.154.175.77/13 | B326: 44868 | C326: atarquini3@yellowpages.com | D326: ERD207 | E326: Baby Birth
A327: =[1]Random_IP_CIDR_Addresses!A3 -> 153.114.134.64/10 | B327: 45270 | C327: lmerman1@goo.ne.jp | D327: Y9y6sF | E327: Winter
A328: =[1]Random_IP_CIDR_Addresses!A4 -> 92.56.198.190/12 | B328: 45110 | C328: gwiggins0@multiply.com | D328: VCMDoc | E328: Winter
A329: =[1]Random_IP_CIDR_Addresses!A5 -> 244.143.29.68/11 | B329: 44845 | C329: ccapper2@diigo.com | D329: ERD153 | E329: Baby Birth
A330: =[1]Random_IP_CIDR_Addresses!A6 -> 173.93.126.239/16 | B330: 45090 | C330: ecompson9@youtube.com | D330: ABC513 | E330: Baby Birth
A331: =[1]Random_IP_CIDR_Addresses!A7 -> 185.174.116.28/10 | B331: 44782 | C331: sknee7@ning.com | D331: sesduj1vu7 | E331: Womans Day
A332: =[1]Random_IP_CIDR_Addresses!A8 -> 232.164.163.64/26 | B332: 45290 | C332: sknee7@ning.com | D332: sesduj1vu7 | E332: Baby Birth
A333: =[1]Random_IP_CIDR_Addresses!A9 -> 201.138.15.253/10 | B333: 45210 | C333: atarquini3@yellowpages.com | D333: ERD207 | E333: Winter
A334: =[1]Random_IP_CIDR_Addresses!A10 -> 0.125.247.142/10 | B334: 45191 | C334: mletherbury6@vimeo.com | D334: ABC146 | E334: Love&romance
A335: =[1]Random_IP_CIDR_Addresses!A11 -> 162.135.90.9/11 | B335: 44912 | C335: lmulmuray8@wsj.com | D335: P11LRFIH3Y7 | E335: Marriage
A336: =[1]Random_IP_CIDR_Addresses!A12 -> 249.220.94.228/19 | B336: 45051 | C336: dhovee5@constantcontact.com | D336: YXCO5LE | E336: Valentines Day
A337: =[1]Random_IP_CIDR_Addresses!A13 -> 93.88.95.179/21 | B337: 44605 | C337: gmawd4@alibaba.com | D337: NULL | E337: Valentines Day
... A825: =[1]Random_IP_CIDR_Addresses!A501 -> 67.189.176.123/18 | B825: 44713 | C825: sknee7@ning.com | D825: sesduj1vu7 | E825: Marriage
A826: 45.226.223.197/20 | B826: 20/09/2022 | C826: atarquini3@yellowpages.com | D826: ERD207 | E826: Best Seller
A827: 50.24.119.40/22 | B827: 23/05/2023 | C827: sknee7@ning.com | D827: sesduj1vu7 | E827: Christmas
A828: 244.40.71.248/15 | B828: 22/05/2022 | C828: sknee7@ning.com | D828: sesduj1vu7 | E828: Christmas
A829: 79.132.242.191/24 | B829: 02/08/2023 | C829: ccapper2@diigo.com | D829: ERD153 | E829: Summer
A830: 142.49.187.93/12 | B830: 28/04/2022 | C830: gwiggins0@multiply.com | D830: VCMDoc | E830: Womans Day
A831: 6.208.37.237/15 | B831: 16/08/2023 | C831: gwiggins0@multiply.com | D831: VCMDoc | E831: Womans Day
A832: 231.139.132.209/12 | B832: 10/02/2024 | C832: lmerman1@goo.ne.jp | D832: Y9y6sF | E832: Love&romance
A833: 182.138.104.173/29 | B833: 02/02/2024 | C833: mletherbury6@vimeo.com | D833: NULL | E833: Birthday
A834: 193.238.2.29/26 | B834: 06/07/2022 | C834: ecompson9@youtube.com | D834: ABC513 | E834: Mothers Day
A835: 7.157.155.43/15 | B835: 22/02/2024 | C835: atarquini3@yellowpages.com | D835: ERD207 | E835: Anniversary
A836: 47.189.242.160/27 | B836: 10/11/2022 | C836: ecompson9@youtube.com | D836: ABC513 | E836: Christmas
A837: 87.243.90.14/29 | B837: 15/08/2022 | C837: dhovee5@constantcontact.com | D837: YXCO5LE | E837: Marriage
... A1525: 145.60.105.120/10 | B1525: 05/11/2022 | C1525: sknee7@ning.com | D1525: sesduj1vu7 | E1525: Summer
